Class Name;ATFD;CBO;DAC;DIT;LCOM;MPC;NCSS;NOAC;NOAM;NOA;SIZE2;NOC;NOM;NOO;NOOM;NOPA;RFC;TCC;WOC;WMC
com.google.android.material.bottomsheet.ViewPagerBottomSheetBehavior;0;0;0;3;1;12;30;0;1;70;166;0;4;119;1;0;12;0.0;1.0;11
de.danoeh.antennapod.PodcastApp;0;0;1;5;1;29;22;0;2;113;300;0;3;300;1;0;30;0.3333;0.6667;4
de.danoeh.antennapod.activity.BugReportActivity;12;7;1;9;2;63;58;0;1;143;767;0;4;749;3;0;50;0.1667;1.0;10
de.danoeh.antennapod.activity.DownloadAuthenticationActivity;1;2;1;9;1;9;23;0;0;143;764;0;1;746;1;0;6;0.0;1.0;5
de.danoeh.antennapod.activity.MainActivity;19;8;6;1;6;247;376;2;34;18;64;0;34;46;0;0;118;0.1052;0.9412;115
de.danoeh.antennapod.activity.OnlineFeedViewActivity;0;7;5;9;2;4;336;0;20;161;808;0;27;772;7;0;158;0.2222;1.0;100
de.danoeh.antennapod.activity.OnlineFeedViewActivity.FeedViewAuthenticationDialog;1;1;1;1;2;4;7;0;2;1;16;0;3;15;0;0;6;0.0;1.0;3
de.danoeh.antennapod.activity.OpmlImportActivity;16;5;7;9;1;121;134;0;5;150;778;0;8;753;3;0;88;0.3571;1.0;27
de.danoeh.antennapod.activity.PreferenceActivity;8;5;1;9;2;49;114;0;4;144;771;0;6;752;2;0;43;0.6;1.0;35
de.danoeh.antennapod.activity.SelectSubscriptionActivity;2;5;4;9;1;65;60;0;4;146;771;0;5;750;1;0;57;0.1;1.0;13
de.danoeh.antennapod.activity.SplashActivity;6;3;0;9;1;30;22;0;0;142;763;0;1;746;1;0;25;0.0;1.0;2
de.danoeh.antennapod.activity.StorageErrorActivity;1;3;2;9;1;19;27;0;1;144;768;0;4;749;3;0;19;0.1667;1.0;6
de.danoeh.antennapod.activity.VideoplayerActivity;15;8;7;1;4;362;477;0;39;16;70;0;39;54;0;0;121;0.3158;1.0;131
de.danoeh.antennapod.activity.WidgetConfigActivity;6;4;4;9;1;67;55;0;3;149;773;0;4;749;1;0;27;0.5;1.0;13
de.danoeh.antennapod.adapter.ChaptersListAdapter;0;7;2;2;1;15;73;0;7;9;63;0;8;54;0;0;36;0.4762;1.0;20
de.danoeh.antennapod.adapter.ChaptersListAdapter.Callback;N/A;N/A;N/A;N/A;N/A;N/A;N/A;N/A;N/A;N/A;N/A;N/A;N/A;N/A;N/A;N/A;N/A;N/A;N/A;N/A
de.danoeh.antennapod.adapter.ChaptersListAdapter.ChapterHolder;1;3;3;2;0;9;9;0;0;42;85;0;1;58;0;0;3;0.0;0.0;1
de.danoeh.antennapod.adapter.CoverLoader;3;1;3;1;1;29;27;0;7;7;27;0;8;20;0;0;21;0.3333;1.0;12
de.danoeh.antennapod.adapter.CoverLoader.CoverTarget;3;3;1;2;2;29;33;0;4;12;60;0;5;51;0;0;18;0.1667;1.0;12
de.danoeh.antennapod.adapter.DataFolderAdapter;0;6;3;2;4;6;39;0;6;7;60;0;7;53;0;0;37;0.0667;1.0;16
de.danoeh.antennapod.adapter.DataFolderAdapter.StoragePath;0;1;1;1;1;6;7;1;5;1;19;0;6;18;0;0;8;0.6;0.8;7
de.danoeh.antennapod.adapter.DataFolderAdapter.ViewHolder;1;3;4;2;0;6;6;0;0;39;82;0;1;58;0;0;3;0.0;0.0;1
de.danoeh.antennapod.adapter.DownloadLogAdapter;7;5;4;2;2;117;139;0;9;7;55;0;10;50;0;0;23;0.3889;1.0;34
de.danoeh.antennapod.adapter.EpisodeItemListAdapter;8;3;2;1;4;73;92;1;16;4;34;0;17;30;0;0;26;0.1583;0.9375;31
de.danoeh.antennapod.adapter.FeedDiscoverAdapter;0;5;2;2;2;0;20;0;5;4;48;0;6;46;0;0;25;0.3;1.0;7
de.danoeh.antennapod.adapter.FeedDiscoverAdapter.Holder;0;1;1;1;0;0;0;0;0;1;13;0;0;12;0;0;0;0.0;0.0;0
de.danoeh.antennapod.adapter.FeedItemlistDescriptionAdapter;0;5;0;3;1;0;49;0;0;3;73;0;2;73;1;0;16;0.0;1.0;9
de.danoeh.antennapod.adapter.FeedItemlistDescriptionAdapter.Holder;0;1;2;1;0;0;0;0;0;4;16;0;0;12;0;0;0;0.0;0.0;0
de.danoeh.antennapod.adapter.FeedSearchResultAdapter;1;4;2;2;1;3;12;0;4;5;57;0;6;52;1;0;22;0.7;1.0;6
de.danoeh.antennapod.adapter.FeedSearchResultAdapter.Holder;1;3;0;2;0;3;3;0;0;35;78;0;1;58;0;0;3;0.0;0.0;1
de.danoeh.antennapod.adapter.NavListAdapter;0;14;4;2;1;5;194;0;14;12;76;0;17;64;2;1;91;0.4083;1.0;62
de.danoeh.antennapod.adapter.NavListAdapter.DividerHolder;1;4;1;3;0;2;2;0;0;1;2;0;1;1;0;0;3;0.0;0.0;1
de.danoeh.antennapod.adapter.NavListAdapter.FeedHolder;1;4;3;3;0;5;5;0;0;4;5;0;1;1;0;0;3;0.0;0.0;1
de.danoeh.antennapod.adapter.NavListAdapter.Holder;0;4;0;2;0;1;1;0;0;34;77;0;1;58;0;0;2;0.0;0.0;1
de.danoeh.antennapod.adapter.NavListAdapter.ItemAccess;N/A;N/A;N/A;N/A;N/A;N/A;N/A;N/A;N/A;N/A;N/A;N/A;N/A;N/A;N/A;N/A;N/A;N/A;N/A;N/A
de.danoeh.antennapod.adapter.NavListAdapter.NavHolder;1;4;2;3;0;4;4;0;0;3;4;0;1;1;0;0;3;0.0;0.0;1
de.danoeh.antennapod.adapter.QueueRecyclerAdapter;4;3;1;1;2;49;47;0;3;3;19;0;4;16;0;0;9;0.3333;1.0;17
de.danoeh.antennapod.adapter.SelectableAdapter;0;7;4;2;1;39;69;1;12;7;66;0;13;59;0;0;33;0.3485;0.9167;24
de.danoeh.antennapod.adapter.SelectableAdapter.OnSelectModeListener;N/A;N/A;N/A;N/A;N/A;N/A;N/A;N/A;N/A;N/A;N/A;N/A;N/A;N/A;N/A;N/A;N/A;N/A;N/A;N/A
de.danoeh.antennapod.adapter.SimpleIconListAdapter;0;4;2;3;1;0;11;0;0;4;74;0;2;73;1;0;15;0.0;1.0;3
de.danoeh.antennapod.adapter.SimpleIconListAdapter.ListItem;0;1;1;1;0;0;3;0;0;3;16;0;1;13;0;3;1;0.0;0.0;1
de.danoeh.antennapod.adapter.SubscriptionsRecyclerAdapter;0;7;2;1;1;5;112;2;13;5;32;0;14;27;0;0;51;0.3718;0.8462;36
de.danoeh.antennapod.adapter.SubscriptionsRecyclerAdapter.GridDividerItemDecorator;0;1;0;2;2;5;5;0;0;0;21;0;2;21;2;0;7;0.0;1.0;2
de.danoeh.antennapod.adapter.SubscriptionsRecyclerAdapter.SubscriptionViewHolder;5;4;5;2;1;39;27;0;1;39;83;0;2;59;0;0;15;0.0;1.0;7
de.danoeh.antennapod.adapter.actionbutton.CancelDownloadActionButton;2;3;0;1;3;7;9;0;3;0;16;0;4;16;0;0;5;0.0;1.0;5
de.danoeh.antennapod.adapter.actionbutton.DeleteActionButton;3;3;0;1;4;7;9;0;4;0;17;0;5;17;0;0;6;0.0;1.0;8
de.danoeh.antennapod.adapter.actionbutton.DownloadActionButton;4;3;0;1;4;21;20;0;5;0;18;0;6;18;0;0;9;0.0;1.0;14
de.danoeh.antennapod.adapter.actionbutton.ItemActionButton;1;0;0;1;2;17;28;0;3;1;20;0;7;19;0;0;12;0.0;1.0;13
de.danoeh.antennapod.adapter.actionbutton.MarkAsPlayedActionButton;3;3;0;1;4;5;7;0;4;0;17;0;5;17;0;0;6;0.0;1.0;8
de.danoeh.antennapod.adapter.actionbutton.MobileDownloadHelper;1;2;0;1;1;21;11;0;5;3;20;0;5;17;0;0;13;0.3;1.0;6
de.danoeh.antennapod.adapter.actionbutton.PauseActionButton;2;3;0;1;3;4;10;0;3;0;16;0;4;16;0;0;5;0.0;1.0;6
de.danoeh.antennapod.adapter.actionbutton.PlayActionButton;2;3;0;1;3;9;15;0;3;0;16;0;4;16;0;0;6;0.0;1.0;7
de.danoeh.antennapod.adapter.actionbutton.PlayLocalActionButton;2;3;0;1;3;7;11;0;3;0;16;0;4;16;0;0;6;0.0;1.0;6
de.danoeh.antennapod.adapter.actionbutton.StreamActionButton;2;3;0;1;3;10;16;0;3;0;16;0;4;16;0;0;6;0.0;1.0;7
de.danoeh.antennapod.adapter.actionbutton.VisitWebsiteActionButton;3;3;0;1;4;4;5;0;4;0;17;0;5;17;0;0;6;0.0;1.0;6
de.danoeh.antennapod.adapter.gpodnet.PodcastListAdapter;0;5;0;3;1;0;22;0;0;2;72;0;2;73;1;0;26;0.0;1.0;4
de.danoeh.antennapod.adapter.gpodnet.PodcastListAdapter.Holder;0;1;2;1;0;0;0;0;0;4;16;0;0;12;0;0;0;0.0;0.0;0
de.danoeh.antennapod.adapter.gpodnet.TagListAdapter;0;4;0;3;1;0;16;0;0;2;72;0;2;73;1;0;11;0.0;1.0;3
de.danoeh.antennapod.adapter.gpodnet.TagListAdapter.Holder;0;1;1;1;0;0;0;0;0;2;14;0;0;12;0;0;0;0.0;0.0;0
de.danoeh.antennapod.adapter.itunes.ItunesAdapter;1;4;2;3;1;3;27;0;0;4;74;0;2;73;1;0;20;0.0;1.0;7
de.danoeh.antennapod.adapter.itunes.ItunesAdapter.PodcastViewHolder;1;3;2;1;0;3;3;0;0;3;16;0;1;13;0;0;2;0.0;0.0;1
de.danoeh.antennapod.asynctask.DocumentFileExportWorker;0;0;2;1;1;15;28;0;1;3;17;0;2;14;0;0;15;0.0;1.0;8
de.danoeh.antennapod.asynctask.ExportWorker;0;0;3;1;1;15;21;0;1;6;21;0;3;15;0;0;14;0.0;1.0;7
de.danoeh.antennapod.config.ApplicationCallbacksImpl;0;0;0;1;2;1;2;0;2;0;14;0;2;14;0;0;3;0.0;1.0;2
de.danoeh.antennapod.config.ClientConfigurator;0;0;0;1;0;0;3;0;0;0;13;0;1;13;0;0;1;0.0;0.0;1
de.danoeh.antennapod.config.DownloadServiceCallbacksImpl;3;2;0;1;1;16;19;0;4;0;16;0;4;16;0;0;10;1.0;1.0;8
de.danoeh.antennapod.core.ApplicationCallbacks;N/A;N/A;N/A;N/A;N/A;N/A;N/A;N/A;N/A;N/A;N/A;N/A;N/A;N/A;N/A;N/A;N/A;N/A;N/A;N/A
de.danoeh.antennapod.core.ClientConfig;0;0;1;1;1;10;13;0;1;4;17;0;1;13;0;0;3;0.0;1.0;2
de.danoeh.antennapod.core.DownloadServiceCallbacks;N/A;N/A;N/A;N/A;N/A;N/A;N/A;N/A;N/A;N/A;N/A;N/A;N/A;N/A;N/A;N/A;N/A;N/A;N/A;N/A
de.danoeh.antennapod.core.backup.OpmlBackupAgent;1;1;1;5;1;48;1;0;0;110;296;0;1;295;1;0;3;0.0;1.0;1
de.danoeh.antennapod.core.backup.OpmlBackupAgent.OpmlBackupHelper;1;2;2;1;1;48;68;0;4;4;24;0;5;20;0;0;34;0.6667;1.0;19
de.danoeh.antennapod.core.dialog.ConfirmationDialog;1;2;2;1;1;13;14;1;3;5;23;1;6;18;0;0;17;0.3333;0.6667;7
de.danoeh.antennapod.core.event.DownloadEvent;0;0;0;1;2;0;6;0;2;1;17;0;4;16;1;1;5;0.0;1.0;4
de.danoeh.antennapod.core.event.DownloadLogEvent;0;0;0;1;1;0;2;0;1;0;15;0;3;15;1;0;3;0.0;1.0;3
de.danoeh.antennapod.core.event.DownloaderUpdate;0;0;1;1;0;10;16;0;0;3;17;0;2;14;1;3;3;0.0;0.0;5
de.danoeh.antennapod.core.export.CommonSymbols;0;0;1;1;0;0;0;0;0;4;16;0;0;12;0;0;0;0.0;0.0;0
de.danoeh.antennapod.core.export.ExportWriter;N/A;N/A;N/A;N/A;N/A;N/A;N/A;N/A;N/A;N/A;N/A;N/A;N/A;N/A;N/A;N/A;N/A;N/A;N/A;N/A
de.danoeh.antennapod.core.export.favorites.FavoritesWriter;0;0;1;1;2;63;58;0;6;5;23;0;6;18;0;0;25;0.0;1.0;15
de.danoeh.antennapod.core.export.html.HtmlWriter;0;0;1;1;2;22;20;0;2;1;15;0;2;14;0;0;9;0.0;1.0;3
de.danoeh.antennapod.core.export.opml.OpmlElement;0;0;1;1;4;0;8;8;8;4;25;0;9;21;0;0;9;0.1429;0.0;9
de.danoeh.antennapod.core.export.opml.OpmlReader;1;0;2;1;1;33;50;0;1;3;16;0;1;13;0;0;14;0.0;1.0;15
de.danoeh.antennapod.core.export.opml.OpmlSymbols;0;0;1;1;0;0;0;0;0;8;21;N/A;1;13;0;0;1;0.0;0.0;1
de.danoeh.antennapod.core.export.opml.OpmlWriter;0;0;1;1;2;35;34;0;2;4;18;0;2;14;0;0;13;0.0;1.0;5
de.danoeh.antennapod.core.feed.ChapterMerger;0;0;1;1;1;32;39;0;2;1;16;0;3;15;0;0;8;0.0;1.0;17
de.danoeh.antennapod.core.feed.FeedEvent;1;1;1;1;0;3;3;0;0;2;16;0;2;14;1;1;6;0.0;0.0;2
de.danoeh.antennapod.core.feed.FeedEvent.Action;N/A;N/A;N/A;N/A;N/A;N/A;0;N/A;N/A;N/A;N/A;N/A;N/A;N/A;N/A;N/A;N/A;N/A;N/A;N/A
de.danoeh.antennapod.core.feed.FeedItemFilterGroup;N/A;N/A;N/A;N/A;N/A;N/A;1;N/A;N/A;N/A;N/A;N/A;N/A;N/A;N/A;N/A;N/A;N/A;N/A;N/A
de.danoeh.antennapod.core.feed.FeedItemFilterGroup.ItemProperties;0;1;1;1;0;0;2;0;0;2;15;0;1;13;0;2;1;0.0;0.0;1
de.danoeh.antennapod.core.feed.FeedUrlNotFoundException;0;0;1;4;3;0;5;2;2;2;45;0;4;43;1;0;4;0.0;0.3333;4
de.danoeh.antennapod.core.feed.LocalFeedUpdater;2;2;1;1;1;115;114;0;9;1;22;0;9;21;0;0;51;0.0;1.0;37
de.danoeh.antennapod.core.feed.SubscriptionsFilter;1;1;1;1;1;18;67;0;4;9;27;0;6;18;0;0;14;0.5;1.0;32
de.danoeh.antennapod.core.feed.SubscriptionsFilterGroup;N/A;N/A;N/A;N/A;N/A;N/A;1;N/A;N/A;N/A;N/A;N/A;N/A;N/A;N/A;N/A;N/A;N/A;N/A;N/A
de.danoeh.antennapod.core.feed.SubscriptionsFilterGroup.ItemProperties;0;1;1;1;0;0;2;0;0;2;15;0;1;13;0;2;1;0.0;0.0;1
de.danoeh.antennapod.core.feed.util.ImageResourceUtils;0;0;0;1;2;14;26;0;4;0;17;N/A;5;17;0;0;5;0.0;1.0;11
de.danoeh.antennapod.core.feed.util.PlaybackSpeedUtils;0;0;1;1;1;9;21;0;1;1;15;N/A;2;14;0;0;3;0.0;1.0;9
de.danoeh.antennapod.core.glide.ApGlideModule;1;0;1;3;2;12;11;0;0;3;24;0;2;21;2;0;12;0.0;1.0;3
de.danoeh.antennapod.core.glide.ApGlideSettings;1;0;1;1;0;0;0;0;0;1;14;0;1;13;0;0;1;0.0;0.0;1
de.danoeh.antennapod.core.glide.ApOkHttpUrlLoader;1;1;1;1;2;11;3;0;2;1;18;0;3;17;0;0;8;0.0;1.0;5
de.danoeh.antennapod.core.glide.ApOkHttpUrlLoader.Factory;0;2;1;1;3;6;12;0;3;2;20;0;4;18;0;0;9;0.0;1.0;6
de.danoeh.antennapod.core.glide.ApOkHttpUrlLoader.NetworkAllowanceInterceptor;1;1;0;1;1;11;5;0;1;0;14;0;1;14;0;0;11;0.0;1.0;2
de.danoeh.antennapod.core.glide.AudioCoverFetcher;2;0;2;1;5;8;18;0;5;2;25;0;6;23;0;0;17;0.0;1.0;8
de.danoeh.antennapod.core.glide.ChapterImageModelLoader;1;2;0;1;2;32;2;0;2;0;16;N/A;2;16;0;0;5;0.0;1.0;2
de.danoeh.antennapod.core.glide.ChapterImageModelLoader.EmbeddedImageFetcher;1;1;0;1;5;32;24;0;5;1;24;0;6;23;0;0;21;0.0;1.0;10
de.danoeh.antennapod.core.glide.ChapterImageModelLoader.Factory;0;1;0;1;2;0;1;0;2;0;16;0;2;16;0;0;2;0.0;1.0;2
de.danoeh.antennapod.core.glide.FastBlurTransformation;0;0;1;2;1;21;195;0;3;5;28;0;6;25;2;0;21;0.3333;1.0;20
de.danoeh.antennapod.core.glide.GenerativePlaceholderImageModelLoader;6;2;0;1;2;23;2;0;2;0;16;N/A;2;16;0;0;6;0.0;1.0;2
de.danoeh.antennapod.core.glide.GenerativePlaceholderImageModelLoader.EmbeddedImageFetcher;6;2;1;1;5;23;47;0;6;4;28;0;7;24;0;0;28;0.0;1.0;11
de.danoeh.antennapod.core.glide.GenerativePlaceholderImageModelLoader.Factory;0;1;0;1;2;0;1;0;2;0;16;0;2;16;0;0;2;0.0;1.0;2
de.danoeh.antennapod.core.glide.MetadataRetrieverLoader;0;1;1;1;2;2;3;0;2;1;18;0;3;17;0;0;6;0.0;1.0;3
de.danoeh.antennapod.core.glide.MetadataRetrieverLoader.Factory;0;1;1;1;2;0;2;0;2;1;18;0;3;17;0;0;4;0.0;1.0;3
de.danoeh.antennapod.core.glide.NoHttpStringLoader;0;1;0;2;1;4;2;0;0;1;20;N/A;2;21;1;0;5;0.0;1.0;3
de.danoeh.antennapod.core.glide.NoHttpStringLoader.StreamFactory;0;1;0;1;2;1;1;0;2;0;16;0;2;16;0;0;4;0.0;1.0;2
de.danoeh.antennapod.core.glide.PaletteBitmap;0;0;2;1;0;0;2;0;0;2;15;0;1;13;0;2;1;0.0;0.0;1
de.danoeh.antennapod.core.glide.PaletteBitmapResource;0;0;0;1;2;2;5;0;4;1;22;0;5;21;0;0;6;0.5;1.0;5
de.danoeh.antennapod.core.glide.PaletteBitmapTranscoder;0;0;0;1;1;3;7;0;1;0;14;0;1;14;0;0;4;0.0;1.0;2
de.danoeh.antennapod.core.glide.ResizingOkHttpStreamFetcher;3;0;3;2;1;6;72;0;0;13;42;0;3;30;2;0;8;1.0;1.0;21
de.danoeh.antennapod.core.menuhandler.MenuItemUtils;0;3;0;1;1;4;8;0;1;0;13;0;1;13;0;0;5;0.0;1.0;2
de.danoeh.antennapod.core.menuhandler.MenuItemUtils.UpdateRefreshMenuItemChecker;N/A;N/A;N/A;N/A;N/A;N/A;N/A;N/A;N/A;N/A;N/A;N/A;N/A;N/A;N/A;N/A;N/A;N/A;N/A;N/A
de.danoeh.antennapod.core.preferences.PlaybackPreferences;0;0;3;1;1;46;57;0;13;13;40;0;14;27;0;0;31;0.7821;1.0;20
de.danoeh.antennapod.core.preferences.SleepTimerPreferences;2;0;3;1;1;24;13;0;11;11;34;0;11;23;0;0;23;0.8182;1.0;11
de.danoeh.antennapod.core.preferences.UsageStatistics;0;1;3;1;1;0;8;0;4;8;25;0;5;17;0;0;18;1.0;1.0;6
de.danoeh.antennapod.core.preferences.UsageStatistics.StatsAction;0;1;1;1;0;0;2;0;0;2;15;N/A;1;13;0;2;1;0.0;0.0;1
de.danoeh.antennapod.core.preferences.UserPreferences;1;7;3;1;1;296;349;0;120;81;214;0;121;133;0;0;190;0.605;1.0;177
de.danoeh.antennapod.core.preferences.UserPreferences.BackButtonBehavior;N/A;N/A;N/A;N/A;N/A;N/A;0;N/A;N/A;N/A;N/A;N/A;N/A;N/A;N/A;N/A;N/A;N/A;N/A;N/A
de.danoeh.antennapod.core.preferences.UserPreferences.EnqueueLocation;N/A;N/A;N/A;N/A;N/A;N/A;0;N/A;N/A;N/A;N/A;N/A;N/A;N/A;N/A;N/A;N/A;N/A;N/A;N/A
de.danoeh.antennapod.core.receiver.FeedUpdateReceiver;0;0;1;2;1;3;3;0;1;1;33;0;1;32;0;0;2;0.0;1.0;1
de.danoeh.antennapod.core.receiver.MediaButtonReceiver;2;0;1;2;1;16;17;0;1;5;37;0;1;32;0;0;14;0.0;1.0;8
de.danoeh.antennapod.core.receiver.PlayerWidget;1;0;1;3;1;34;25;0;2;8;54;0;7;46;5;0;19;0.619;1.0;8
de.danoeh.antennapod.core.service.BasicAuthorizationInterceptor;1;0;1;1;1;54;45;0;1;2;16;0;1;14;0;0;23;0.0;1.0;10
de.danoeh.antennapod.core.service.FeedUpdateWorker;0;0;1;3;1;15;13;0;1;8;46;0;2;38;0;0;8;0.0;1.0;6
de.danoeh.antennapod.core.service.UserAgentInterceptor;0;0;0;1;1;5;1;0;1;0;14;0;1;14;0;0;6;0.0;1.0;1
de.danoeh.antennapod.core.service.download.AntennapodHttpClient;5;0;3;1;1;58;56;0;4;6;23;0;5;17;0;0;49;0.3333;0.75;18
de.danoeh.antennapod.core.service.download.DefaultDownloaderFactory;0;0;1;1;1;6;5;0;1;1;14;0;1;13;0;0;4;0.0;1.0;3
de.danoeh.antennapod.core.service.download.DownloadRequest;0;1;3;1;7;13;108;22;27;21;66;0;33;47;2;0;48;0.0655;0.1852;66
de.danoeh.antennapod.core.service.download.DownloadRequest.Builder;1;1;2;1;6;13;25;1;7;11;32;0;9;21;0;0;12;0.0476;0.8571;12
de.danoeh.antennapod.core.service.download.DownloadRequestCreator;2;0;1;1;1;90;66;0;8;3;23;0;8;20;0;0;20;0.1429;1.0;31
de.danoeh.antennapod.core.service.download.DownloadService;4;4;7;4;2;10;375;0;27;144;359;0;31;336;3;0;90;0.3425;0.9333;112
de.danoeh.antennapod.core.service.download.DownloadService.NotificationUpdater;3;3;0;1;1;3;5;0;1;0;14;0;1;14;0;0;3;0.0;1.0;2
de.danoeh.antennapod.core.service.download.DownloadServiceNotification;8;5;3;1;1;113;125;0;7;3;23;0;8;20;0;0;36;0.2857;1.0;34
de.danoeh.antennapod.core.service.download.DownloadStatus;0;0;2;1;7;5;36;11;15;12;42;0;18;30;1;0;20;0.1429;0.2667;18
de.danoeh.antennapod.core.service.download.Downloader;2;2;1;1;4;13;21;3;5;5;25;0;7;20;0;1;12;0.1;0.4;9
de.danoeh.antennapod.core.service.download.DownloaderFactory;N/A;N/A;N/A;N/A;N/A;N/A;N/A;N/A;N/A;N/A;N/A;N/A;N/A;N/A;N/A;N/A;N/A;N/A;N/A;N/A
de.danoeh.antennapod.core.service.download.HttpDownloader;3;2;1;1;2;186;209;0;6;2;21;0;7;19;0;0;67;0.6667;1.0;62
de.danoeh.antennapod.core.service.download.LocalFeedStubDownloader;0;0;0;1;1;1;1;0;1;0;14;0;2;14;0;0;3;0.0;1.0;2
de.danoeh.antennapod.core.service.download.NewEpisodesNotification;8;4;1;1;1;72;44;0;6;3;22;0;7;19;0;0;41;0.1333;1.0;13
de.danoeh.antennapod.core.service.download.ProxyConfig;0;0;2;1;0;0;5;0;0;6;19;0;1;13;0;5;1;0.0;0.0;1
de.danoeh.antennapod.core.service.download.handler.FailedDownloadHandler;0;0;1;1;1;5;7;0;1;2;17;0;2;15;0;0;3;0.0;1.0;4
de.danoeh.antennapod.core.service.download.handler.FeedParserTask;0;0;1;1;1;42;56;2;5;4;23;0;6;19;0;0;14;0.2;0.6;17
de.danoeh.antennapod.core.service.download.handler.FeedSyncTask;0;0;1;1;1;10;18;2;3;4;20;0;4;16;0;0;4;0.6667;0.3333;7
de.danoeh.antennapod.core.service.download.handler.MediaDownloadedHandler;1;0;2;1;1;45;45;1;2;5;21;0;3;16;0;0;14;1.0;0.5;14
de.danoeh.antennapod.core.service.download.handler.PostDownloaderTask;0;0;1;1;1;5;9;0;1;1;16;0;2;15;0;0;7;0.0;1.0;4
de.danoeh.antennapod.core.service.playback.ExoPlayerWrapper;10;2;12;1;4;88;157;5;33;13;59;0;34;46;0;0;114;0.358;0.8485;65
de.danoeh.antennapod.core.service.playback.LocalPSMP;4;2;19;1;4;348;560;4;45;27;85;0;46;58;0;0;91;0.496;0.9111;164
de.danoeh.antennapod.core.service.playback.LocalPSMP.PlayerExecutor;1;1;1;1;1;3;7;0;2;1;15;0;2;14;0;0;6;1.0;1.0;3
de.danoeh.antennapod.core.service.playback.LocalPSMP.PlayerLock;1;1;1;1;1;5;18;0;5;1;18;0;5;17;0;0;11;1.0;1.0;10
de.danoeh.antennapod.core.service.playback.PlaybackService;5;6;8;5;2;665;969;0;69;187;461;0;74;407;5;0;224;0.4061;0.973;274
de.danoeh.antennapod.core.service.playback.PlaybackService.LocalBinder;0;1;0;2;1;0;1;0;1;8;36;0;1;49;0;0;1;0.0;1.0;1
de.danoeh.antennapod.core.service.playback.PlaybackServiceNotificationBuilder;11;5;4;1;1;101;109;4;16;8;37;0;17;29;0;0;70;0.3;0.75;38
de.danoeh.antennapod.core.service.playback.PlaybackServiceStateManager;1;0;0;1;1;5;16;0;5;3;21;0;6;18;0;0;7;0.6;1.0;8
de.danoeh.antennapod.core.service.playback.PlaybackServiceTaskManager;0;2;7;1;1;27;86;0;16;12;41;0;17;29;0;0;51;0.4333;1.0;40
de.danoeh.antennapod.core.service.playback.PlaybackServiceTaskManager.PSTMCallback;N/A;N/A;N/A;N/A;N/A;N/A;N/A;N/A;N/A;N/A;N/A;N/A;N/A;N/A;N/A;N/A;N/A;N/A;N/A;N/A
de.danoeh.antennapod.core.service.playback.PlaybackServiceTaskManager.SleepTimer;2;1;1;1;1;27;49;1;4;7;25;0;5;18;0;0;16;0.6667;0.75;17
de.danoeh.antennapod.core.service.playback.PlaybackVolumeUpdater;0;0;0;1;1;13;13;0;3;0;15;0;3;15;0;0;3;0.0;1.0;6
de.danoeh.antennapod.core.service.playback.ShakeListener;4;0;4;1;3;10;24;0;4;5;24;0;5;19;0;0;13;0.1667;1.0;9
de.danoeh.antennapod.core.service.playback.WearMediaSession;0;0;0;1;2;0;0;0;2;0;14;0;2;14;0;0;2;0.0;1.0;2
de.danoeh.antennapod.core.storage.APCleanupAlgorithm;2;0;1;1;2;38;46;1;7;2;22;0;8;20;0;0;22;0.0476;0.8571;22
de.danoeh.antennapod.core.storage.APNullCleanupAlgorithm;0;0;1;1;3;1;4;0;3;1;16;0;3;15;0;0;4;0.0;1.0;3
de.danoeh.antennapod.core.storage.APQueueCleanupAlgorithm;1;0;1;1;2;25;35;0;4;1;17;0;4;16;0;0;14;0.0;1.0;14
de.danoeh.antennapod.core.storage.AutomaticDownloadAlgorithm;1;0;1;1;1;45;46;0;1;1;14;0;1;13;0;0;15;0.0;1.0;17
de.danoeh.antennapod.core.storage.DBReader;1;3;1;1;3;88;479;0;41;3;57;N/A;42;54;0;0;76;0.3659;1.0;110
de.danoeh.antennapod.core.storage.DBReader.MonthlyStatisticsItem;0;1;0;1;0;0;0;0;0;3;15;0;0;12;0;3;0;0.0;0.0;0
de.danoeh.antennapod.core.storage.DBReader.StatisticsResult;0;1;1;1;0;1;0;0;0;2;14;0;0;12;0;2;2;0.0;0.0;0
de.danoeh.antennapod.core.storage.DBTasks;0;2;2;1;7;4;212;0;18;5;36;N/A;19;31;0;0;54;0.0719;0.9444;67
de.danoeh.antennapod.core.storage.DBTasks.QueryTask;0;0;1;1;1;4;6;1;2;1;18;0;4;17;0;0;4;1.0;0.5;4
de.danoeh.antennapod.core.storage.DBUpgrader;0;0;0;1;1;95;170;0;1;0;13;0;1;13;0;0;21;0.0;1.0;39
de.danoeh.antennapod.core.storage.DBWriter;6;4;2;1;2;429;458;0;51;2;66;0;52;64;0;0;81;0.5702;1.0;114
de.danoeh.antennapod.core.storage.DatabaseExporter;2;2;1;1;1;38;53;0;3;2;17;0;3;15;0;0;33;1.0;1.0;12
de.danoeh.antennapod.core.storage.EpisodeCleanupAlgorithm;0;0;0;1;2;9;9;0;3;0;18;0;6;18;0;0;6;0.0;1.0;9
de.danoeh.antennapod.core.storage.ExceptFavoriteCleanupAlgorithm;1;0;1;1;2;29;40;0;4;1;17;0;4;16;0;0;14;0.0;1.0;15
de.danoeh.antennapod.core.storage.FeedItemDuplicateGuesser;2;0;0;1;1;38;29;0;6;0;18;0;6;18;0;0;12;0.0;1.0;18
de.danoeh.antennapod.core.storage.FeedSearcher;0;0;0;1;2;10;12;0;2;0;15;0;3;15;0;0;7;0.0;1.0;5
de.danoeh.antennapod.core.storage.ItemEnqueuePositionCalculator;0;0;0;1;1;16;37;0;4;1;18;0;5;17;0;0;8;0.0;1.0;17
de.danoeh.antennapod.core.storage.NavDrawerData;1;1;1;1;0;2;6;0;0;6;19;0;1;13;0;6;1;0.0;0.0;1
de.danoeh.antennapod.core.storage.NavDrawerData.DrawerItem;0;4;1;1;3;0;4;2;2;3;20;0;5;17;0;2;5;1.0;0.0;5
de.danoeh.antennapod.core.storage.NavDrawerData.DrawerItem.Type;N/A;N/A;N/A;N/A;N/A;N/A;0;N/A;N/A;N/A;N/A;N/A;N/A;N/A;N/A;N/A;N/A;N/A;N/A;N/A
de.danoeh.antennapod.core.storage.NavDrawerData.FeedDrawerItem;1;2;0;2;2;2;5;1;2;2;5;0;3;3;0;2;4;0.0;0.5;3
de.danoeh.antennapod.core.storage.NavDrawerData.TagDrawerItem;1;2;2;2;2;4;8;1;2;3;6;0;3;3;0;3;8;0.0;0.5;4
de.danoeh.antennapod.core.storage.PodDBAdapter;0;3;5;1;2;16;542;0;75;98;186;0;76;88;0;0;131;0.6746;1.0;157
de.danoeh.antennapod.core.storage.PodDBAdapter.PodDBHelper;1;2;0;2;2;16;16;0;2;0;32;0;3;32;0;0;6;0.0;1.0;3
de.danoeh.antennapod.core.storage.PodDBAdapter.PodDbErrorHandler;1;2;0;1;1;10;9;0;1;0;14;0;1;14;0;0;12;0.0;1.0;2
de.danoeh.antennapod.core.storage.StatisticsItem;0;0;0;1;0;0;7;0;0;7;20;0;1;13;0;7;1;0.0;0.0;1
de.danoeh.antennapod.core.storage.mapper.ChapterCursorMapper;0;0;0;1;1;13;27;0;1;0;13;0;1;13;0;0;6;0.0;1.0;5
de.danoeh.antennapod.core.storage.mapper.DownloadStatusCursorMapper;0;0;0;1;1;17;9;0;1;0;13;0;1;13;0;0;6;0.0;1.0;1
de.danoeh.antennapod.core.storage.mapper.FeedCursorMapper;0;0;0;1;1;43;24;0;1;0;13;0;1;13;0;0;5;0.0;1.0;1
de.danoeh.antennapod.core.storage.mapper.FeedItemCursorMapper;0;0;0;1;1;22;23;0;1;0;13;0;1;13;0;0;6;0.0;1.0;1
de.danoeh.antennapod.core.storage.mapper.FeedItemFilterQuery;0;0;0;1;1;20;55;0;1;0;14;0;2;14;0;0;11;0.0;1.0;16
de.danoeh.antennapod.core.storage.mapper.FeedMediaCursorMapper;1;0;0;1;1;24;29;0;1;0;13;0;1;13;0;0;6;0.0;1.0;5
de.danoeh.antennapod.core.storage.mapper.FeedPreferencesCursorMapper;0;0;0;1;1;35;36;0;1;0;13;0;1;13;0;0;9;0.0;1.0;2
de.danoeh.antennapod.core.sync.EpisodeActionFilter;0;0;1;1;1;24;42;0;3;1;16;0;3;15;0;0;8;0.0;1.0;17
de.danoeh.antennapod.core.sync.GuidValidator;0;0;0;1;1;3;1;0;1;0;13;0;1;13;0;0;4;0.0;1.0;3
de.danoeh.antennapod.core.sync.LockingAsyncExecutor;0;0;1;1;1;10;11;0;1;1;14;0;1;13;0;0;10;0.0;1.0;2
de.danoeh.antennapod.core.sync.SyncService;11;4;1;3;1;204;191;0;13;10;60;0;14;50;0;0;64;0.2179;0.9231;47
de.danoeh.antennapod.core.sync.SynchronizationCredentials;1;0;1;1;1;31;14;0;10;5;28;0;11;23;0;0;15;0.0889;1.0;11
de.danoeh.antennapod.core.sync.SynchronizationProviderViewData;N/A;N/A;N/A;N/A;N/A;N/A;12;N/A;N/A;N/A;N/A;N/A;N/A;N/A;N/A;N/A;N/A;N/A;N/A;N/A
de.danoeh.antennapod.core.sync.SynchronizationSettings;1;0;1;1;1;41;13;0;13;6;31;0;13;25;0;0;22;0.141;1.0;14
de.danoeh.antennapod.core.sync.queue.SynchronizationQueueSink;0;0;0;1;4;29;30;0;5;0;17;0;5;17;0;0;5;0.0;1.0;14
de.danoeh.antennapod.core.sync.queue.SynchronizationQueueStorage;1;0;2;1;1;61;60;1;10;5;28;0;11;23;0;0;25;0.3778;0.9;20
de.danoeh.antennapod.core.util.ChapterUtils;1;0;1;1;2;74;107;0;8;1;22;0;9;21;0;0;28;0.0357;1.0;36
de.danoeh.antennapod.core.util.Converter;3;4;0;1;3;19;41;0;7;3;23;N/A;8;20;0;0;15;0.1905;1.0;15
de.danoeh.antennapod.core.util.DateFormatter;4;0;0;1;3;8;18;0;3;0;16;0;4;16;0;0;12;0.0;1.0;7
de.danoeh.antennapod.core.util.DownloadError;N/A;N/A;N/A;N/A;N/A;N/A;8;N/A;N/A;N/A;N/A;N/A;N/A;N/A;N/A;N/A;N/A;N/A;N/A;N/A
de.danoeh.antennapod.core.util.DownloadErrorLabel;1;2;0;1;1;0;52;0;1;0;13;0;1;13;0;0;2;0.0;1.0;26
de.danoeh.antennapod.core.util.FeedItemPermutors;0;0;0;1;1;90;95;0;7;0;19;0;7;19;0;0;30;0.0;1.0;43
de.danoeh.antennapod.core.util.FeedItemUtil;0;0;0;1;7;32;47;0;8;0;21;0;9;21;0;0;14;0.0;1.0;28
de.danoeh.antennapod.core.util.FileNameGenerator;1;1;0;1;1;28;38;0;3;3;19;0;4;16;0;0;25;0.3333;1.0;14
de.danoeh.antennapod.core.util.IntentUtils;6;2;1;1;3;12;14;0;3;1;17;0;4;16;0;0;18;0.0;1.0;7
de.danoeh.antennapod.core.util.InvalidFeedException;0;0;0;3;0;1;1;0;0;1;37;0;1;36;0;0;2;0.0;0.0;1
de.danoeh.antennapod.core.util.LongIntMap;1;1;0;1;1;22;121;0;13;3;33;0;18;30;3;0;27;0.6667;1.0;41
de.danoeh.antennapod.core.util.LongList;1;1;0;1;1;17;122;0;15;2;34;N/A;20;32;3;0;28;0.6286;1.0;47
de.danoeh.antennapod.core.util.NetworkUtils;6;0;2;1;2;96;122;0;15;3;31;0;16;28;0;0;61;0.2095;1.0;51
de.danoeh.antennapod.core.util.Permutor;N/A;N/A;N/A;N/A;N/A;N/A;N/A;N/A;N/A;N/A;N/A;N/A;N/A;N/A;N/A;N/A;N/A;N/A;N/A;N/A
de.danoeh.antennapod.core.util.PowerUtils;2;0;0;1;1;2;4;0;1;0;14;0;2;14;0;0;5;0.0;1.0;3
de.danoeh.antennapod.core.util.ShareUtils;5;2;1;1;2;48;38;0;7;1;21;0;8;20;0;0;27;0.0;1.0;15
de.danoeh.antennapod.core.util.StorageUtils;0;0;1;1;3;16;27;0;5;1;19;0;6;18;0;0;17;0.0;1.0;11
de.danoeh.antennapod.core.util.TimeSpeedConverter;0;0;0;1;1;1;6;0;1;1;15;0;2;14;0;0;2;0.0;1.0;4
de.danoeh.antennapod.core.util.URIUtil;0;0;1;1;1;8;8;0;1;1;15;0;2;14;0;0;14;0.0;1.0;5
de.danoeh.antennapod.core.util.URLChecker;0;0;1;1;2;72;74;0;5;3;21;N/A;6;18;0;0;32;0.0;1.0;25
de.danoeh.antennapod.core.util.comparator.ChapterStartTimeComparator;0;0;0;1;1;3;1;0;1;0;22;0;1;31;0;0;2;0.0;1.0;1
de.danoeh.antennapod.core.util.comparator.DownloadStatusComparator;0;0;0;1;1;3;1;0;1;0;22;0;1;31;0;0;1;0.0;1.0;1
de.danoeh.antennapod.core.util.comparator.FeedItemPubdateComparator;0;0;0;1;1;7;10;0;1;0;22;0;1;31;0;0;1;0.0;1.0;5
de.danoeh.antennapod.core.util.comparator.PlaybackCompletionDateComparator;0;0;0;1;1;11;4;0;1;0;22;0;1;31;0;0;1;0.0;1.0;5
de.danoeh.antennapod.core.util.download.AutoUpdateManager;6;2;1;1;1;62;48;0;9;3;25;0;10;22;0;0;43;0.3333;1.0;17
de.danoeh.antennapod.core.util.download.ConnectionStateMonitor;3;0;2;2;2;11;9;0;3;3;28;0;4;26;0;0;13;0.3333;1.0;4
de.danoeh.antennapod.core.util.gui.MoreContentListFooterUtil;0;3;2;1;2;8;17;2;3;3;19;0;4;16;0;0;9;0.3333;0.3333;7
de.danoeh.antennapod.core.util.gui.MoreContentListFooterUtil.Listener;N/A;N/A;N/A;N/A;N/A;N/A;N/A;N/A;N/A;N/A;N/A;N/A;N/A;N/A;N/A;N/A;N/A;N/A;N/A;N/A
de.danoeh.antennapod.core.util.gui.NotificationUtils;2;2;1;1;1;68;26;0;10;9;31;0;10;22;0;0;25;0.2667;1.0;13
de.danoeh.antennapod.core.util.gui.PictureInPictureUtil;3;0;0;1;1;4;11;0;2;0;15;0;3;15;0;0;6;1.0;1.0;6
de.danoeh.antennapod.core.util.playback.AudioPlayer;0;0;1;2;8;13;19;0;6;43;108;0;9;79;2;0;20;0.0;1.0;13
de.danoeh.antennapod.core.util.playback.IPlayer;N/A;N/A;N/A;N/A;N/A;N/A;N/A;N/A;N/A;N/A;N/A;N/A;N/A;N/A;N/A;N/A;N/A;N/A;N/A;N/A
de.danoeh.antennapod.core.util.playback.MediaPlayerError;3;2;0;1;1;1;19;0;1;0;14;0;2;14;0;0;3;0.0;1.0;7
de.danoeh.antennapod.core.util.playback.PlayableUtils;0;0;1;1;2;22;37;0;4;1;17;0;4;16;0;0;8;0.0;1.0;14
de.danoeh.antennapod.core.util.playback.PlaybackController;0;0;4;1;3;110;267;1;40;14;68;0;42;54;0;0;57;0.3885;0.975;104
de.danoeh.antennapod.core.util.playback.PlaybackServiceStarter;0;0;1;1;1;4;14;0;4;4;21;0;5;17;0;0;7;0.5;1.0;7
de.danoeh.antennapod.core.util.playback.Timeline;6;3;2;1;3;66;77;0;5;9;27;0;6;18;0;0;49;0.2;1.0;25
de.danoeh.antennapod.core.util.playback.VideoPlayer;0;0;1;2;9;4;8;0;8;32;115;0;9;119;1;0;14;0.0;1.0;9
de.danoeh.antennapod.core.util.syndication.FeedDiscoverer;0;0;1;1;1;25;26;0;4;2;18;0;4;16;0;0;19;0.0;1.0;14
de.danoeh.antennapod.core.util.syndication.HtmlToPlainText;0;1;0;1;1;23;14;0;3;0;15;0;3;15;0;0;11;0.0;1.0;6
de.danoeh.antennapod.core.util.syndication.HtmlToPlainText.FormattingVisitor;0;1;1;1;1;23;25;0;3;1;19;0;4;18;1;0;15;0.0;1.0;13
de.danoeh.antennapod.core.widget.WidgetUpdater;15;7;1;1;1;102;105;0;4;1;17;0;4;16;0;0;38;0.0;1.0;26
de.danoeh.antennapod.core.widget.WidgetUpdater.WidgetState;0;1;0;1;0;1;6;0;0;5;19;0;2;14;0;0;2;0.0;0.0;2
de.danoeh.antennapod.core.widget.WidgetUpdaterWorker;0;0;1;3;2;17;14;0;3;7;47;0;4;40;0;0;13;0.0;1.0;6
de.danoeh.antennapod.dialog.AuthenticationDialog;2;3;0;2;2;26;23;0;1;3;61;0;3;58;0;0;21;0.0;1.0;6
de.danoeh.antennapod.dialog.ChooseDataFolderDialog;4;4;0;1;1;18;12;0;1;0;13;0;1;13;0;0;17;0.0;1.0;2
de.danoeh.antennapod.dialog.DownloadLogDetailsDialog;4;2;0;2;1;28;30;0;0;2;59;0;2;57;1;0;18;0.0;1.0;7
de.danoeh.antennapod.dialog.EpisodeFilterDialog;3;4;0;2;1;37;41;0;0;3;60;0;2;57;0;0;15;0.0;0.0;8
de.danoeh.antennapod.dialog.FeedPreferenceSkipDialog;3;4;0;2;1;19;19;0;0;2;59;0;2;57;0;0;14;0.0;0.0;4
de.danoeh.antennapod.dialog.FeedRefreshIntervalDialog;9;5;2;1;1;53;67;0;3;3;19;0;4;16;0;0;38;0.6667;1.0;16
de.danoeh.antennapod.dialog.FeedSortDialog;3;3;0;1;1;18;14;0;1;0;13;0;1;13;0;0;15;0.0;1.0;2
de.danoeh.antennapod.dialog.FilterDialog;3;4;1;1;1;34;46;0;1;2;17;0;3;15;0;0;23;0.0;1.0;11
de.danoeh.antennapod.dialog.IntraFeedSortDialog;3;4;2;1;1;18;24;0;2;4;20;0;4;16;0;0;13;1.0;1.0;7
de.danoeh.antennapod.dialog.PlaybackControlsDialog;4;4;1;3;2;46;49;0;3;91;326;0;7;258;3;0;30;0.5333;1.0;13
de.danoeh.antennapod.dialog.ProxyDialog;9;5;7;1;1;171;174;0;9;11;33;0;10;22;0;0;86;0.6667;1.0;36
de.danoeh.antennapod.dialog.RatingDialog;3;2;4;1;1;37;39;0;8;8;29;0;9;21;0;0;33;0.4643;1.0;18
de.danoeh.antennapod.dialog.RemoveFeedDialog;1;2;1;1;1;17;30;0;4;1;17;0;4;16;0;0;8;0.0;1.0;7
de.danoeh.antennapod.dialog.RenameItemDialog;6;6;1;1;1;28;32;0;2;3;19;0;4;16;0;0;22;1.0;1.0;11
de.danoeh.antennapod.dialog.ShareDialog;5;4;5;3;1;42;42;0;2;98;330;0;4;255;1;0;30;0.6667;1.0;12
de.danoeh.antennapod.dialog.SkipPreferenceDialog;0;5;0;1;1;21;37;0;1;0;13;0;1;13;0;0;19;0.0;1.0;9
de.danoeh.antennapod.dialog.SkipPreferenceDialog.SkipDirection;N/A;N/A;N/A;N/A;N/A;N/A;0;N/A;N/A;N/A;N/A;N/A;N/A;N/A;N/A;N/A;N/A;N/A;N/A;N/A
de.danoeh.antennapod.dialog.SleepTimerDialog;9;4;4;3;1;98;85;0;2;95;329;0;6;257;3;0;43;0.5;1.0;19
de.danoeh.antennapod.dialog.StreamingConfirmationDialog;1;2;1;1;1;12;6;0;2;2;17;0;3;15;0;0;10;1.0;1.0;3
de.danoeh.antennapod.dialog.SubscriptionsFilterDialog;4;4;0;1;1;40;49;0;2;0;14;0;2;14;0;0;27;0.0;1.0;10
de.danoeh.antennapod.dialog.SwipeActionsDialog;0;10;3;1;1;112;98;0;6;7;26;0;7;19;0;0;63;0.6667;1.0;26
de.danoeh.antennapod.dialog.SwipeActionsDialog.Callback;N/A;N/A;N/A;N/A;N/A;N/A;N/A;N/A;N/A;N/A;N/A;N/A;N/A;N/A;N/A;N/A;N/A;N/A;N/A;N/A
de.danoeh.antennapod.dialog.TagSettingsDialog;0;5;4;3;1;1;64;0;4;94;327;0;5;256;1;0;55;0.7;1.0;13
de.danoeh.antennapod.dialog.TagSettingsDialog.TagSelectionAdapter;0;4;0;2;2;1;10;0;3;3;53;0;4;50;1;0;16;0.5;1.0;4
de.danoeh.antennapod.dialog.TagSettingsDialog.TagSelectionAdapter.ViewHolder;0;1;1;2;0;1;2;0;0;35;78;0;1;58;0;0;2;0.0;0.0;1
de.danoeh.antennapod.dialog.VariableSpeedDialog;0;6;4;5;1;1;42;0;2;96;340;0;6;267;3;0;34;0.8;1.0;8
de.danoeh.antennapod.dialog.VariableSpeedDialog.SpeedSelectionAdapter;0;2;0;2;2;1;18;0;3;3;53;0;4;50;1;0;21;0.5;1.0;5
de.danoeh.antennapod.dialog.VariableSpeedDialog.SpeedSelectionAdapter.ViewHolder;0;1;1;2;0;1;2;0;0;35;78;0;1;58;0;0;2;0.0;0.0;1
de.danoeh.antennapod.discovery.CombinedSearcher;0;0;1;1;4;57;71;0;5;1;19;0;6;18;0;0;37;0.0;1.0;19
de.danoeh.antennapod.discovery.FyydPodcastSearcher;0;3;1;1;4;17;13;0;4;1;17;0;4;16;0;0;17;0.0;1.0;6
de.danoeh.antennapod.discovery.GpodnetPodcastSearcher;0;0;0;1;4;17;14;0;4;0;16;0;4;16;0;0;14;0.0;1.0;6
de.danoeh.antennapod.discovery.ItunesPodcastSearcher;0;0;1;1;3;50;56;0;4;2;19;0;5;17;0;0;38;0.1667;1.0;15
de.danoeh.antennapod.discovery.ItunesTopListLoader;2;2;2;1;1;36;45;0;3;6;22;0;4;16;0;0;38;0.0;1.0;11
de.danoeh.antennapod.discovery.PodcastIndexPodcastSearcher;0;0;1;1;4;46;51;0;6;1;20;0;7;19;0;0;51;0.0;1.0;14
de.danoeh.antennapod.discovery.PodcastSearchResult;0;1;1;1;6;30;34;0;6;4;23;0;7;19;0;4;18;0.0;1.0;11
de.danoeh.antennapod.discovery.PodcastSearcher;N/A;N/A;N/A;N/A;N/A;N/A;N/A;N/A;N/A;N/A;N/A;N/A;N/A;N/A;N/A;N/A;N/A;N/A;N/A;N/A
de.danoeh.antennapod.discovery.PodcastSearcherRegistry;0;1;1;1;1;0;21;0;3;1;17;0;4;16;0;0;8;0.3333;1.0;11
de.danoeh.antennapod.discovery.PodcastSearcherRegistry.SearcherInfo;0;1;0;1;0;0;2;0;0;2;15;0;1;13;0;2;1;0.0;0.0;1
de.danoeh.antennapod.error.CrashReportWriter;2;0;2;1;2;19;19;0;4;2;20;0;5;18;0;0;19;0.0;1.0;6
de.danoeh.antennapod.error.RxJavaErrorHandlerSetup;0;0;1;1;1;10;10;0;1;1;15;0;2;14;0;0;9;0.0;1.0;4
de.danoeh.antennapod.event.DiscoveryDefaultUpdateEvent;0;0;0;1;0;0;0;0;0;0;13;0;1;13;0;0;1;0.0;0.0;1
de.danoeh.antennapod.event.FavoritesEvent;0;0;0;1;0;0;0;0;0;0;13;0;1;13;0;0;1;0.0;0.0;1
de.danoeh.antennapod.event.FeedItemEvent;0;0;1;1;2;1;3;0;2;1;16;0;3;15;0;1;4;0.0;1.0;3
de.danoeh.antennapod.event.FeedListUpdateEvent;0;0;1;1;1;7;6;0;1;1;17;0;4;16;0;0;7;0.0;1.0;5
de.danoeh.antennapod.event.MessageEvent;0;0;2;1;0;1;3;0;0;2;16;0;2;14;0;2;2;0.0;0.0;2
de.danoeh.antennapod.event.PlayerErrorEvent;0;0;1;1;1;0;2;1;1;1;15;0;2;14;0;0;2;0.0;0.0;2
de.danoeh.antennapod.event.PlayerStatusEvent;0;0;0;1;0;0;0;0;0;0;13;0;1;13;0;0;1;0.0;0.0;1
de.danoeh.antennapod.event.QueueEvent;1;1;2;1;7;0;11;0;7;4;24;0;8;20;0;4;8;0.0;1.0;8
de.danoeh.antennapod.event.QueueEvent.Action;N/A;N/A;N/A;N/A;N/A;N/A;0;N/A;N/A;N/A;N/A;N/A;N/A;N/A;N/A;N/A;N/A;N/A;N/A;N/A
de.danoeh.antennapod.event.SyncServiceEvent;0;0;0;1;1;0;2;1;1;1;15;0;2;14;0;0;2;0.0;0.0;2
de.danoeh.antennapod.event.UnreadItemsUpdateEvent;0;0;0;1;0;0;0;0;0;0;13;0;1;13;0;0;1;0.0;0.0;1
de.danoeh.antennapod.event.playback.BufferUpdateEvent;0;0;0;1;2;0;7;1;6;3;22;0;7;19;0;0;7;0.3333;0.8333;7
de.danoeh.antennapod.event.playback.PlaybackHistoryEvent;0;0;0;1;1;0;2;0;1;0;15;0;3;15;1;0;3;0.0;1.0;3
de.danoeh.antennapod.event.playback.PlaybackPositionEvent;0;0;0;1;2;0;4;2;2;2;17;0;3;15;0;0;3;0.0;0.0;3
de.danoeh.antennapod.event.playback.PlaybackServiceEvent;0;1;1;1;0;0;1;0;0;1;14;0;1;13;0;1;1;0.0;0.0;1
de.danoeh.antennapod.event.playback.PlaybackServiceEvent.Action;N/A;N/A;N/A;N/A;N/A;N/A;0;N/A;N/A;N/A;N/A;N/A;N/A;N/A;N/A;N/A;N/A;N/A;N/A;N/A
de.danoeh.antennapod.event.playback.SleepTimerUpdatedEvent;1;0;0;1;3;2;8;0;7;2;22;0;8;20;0;0;10;0.3333;1.0;8
de.danoeh.antennapod.event.playback.SpeedChangedEvent;0;0;0;1;1;0;2;1;1;1;15;0;2;14;0;0;2;0.0;0.0;2
de.danoeh.antennapod.event.settings.SkipIntroEndingChangedEvent;0;0;0;1;3;0;6;3;3;3;19;0;4;16;0;0;4;0.0;0.0;4
de.danoeh.antennapod.event.settings.SpeedPresetChangedEvent;0;0;0;1;2;0;4;2;2;2;17;0;3;15;0;0;3;0.0;0.0;3
de.danoeh.antennapod.event.settings.VolumeAdaptionChangedEvent;0;0;0;1;2;0;4;2;2;2;17;0;3;15;0;0;3;0.0;0.0;3
de.danoeh.antennapod.fragment.AddFeedFragment;2;6;3;2;3;2;100;0;6;69;281;0;9;224;3;0;75;0.1111;1.0;24
de.danoeh.antennapod.fragment.AddFeedFragment.AddLocalFolder;2;1;0;3;1;2;1;0;0;0;21;0;1;21;1;0;3;0.0;1.0;1
de.danoeh.antennapod.fragment.AllEpisodesFragment;1;3;1;1;1;31;39;1;9;3;24;0;9;21;0;0;13;0.4444;0.8889;15
de.danoeh.antennapod.fragment.AudioPlayerFragment;0;6;8;2;2;7;277;0;22;88;318;0;26;242;4;0;99;0.3938;1.0;85
de.danoeh.antennapod.fragment.AudioPlayerFragment.AudioPlayerPagerAdapter;1;1;1;3;2;2;9;0;2;16;92;0;3;82;0;0;5;0.0;1.0;5
de.danoeh.antennapod.fragment.ChaptersFragment;2;4;4;4;1;72;74;0;6;97;337;0;9;263;3;0;51;0.5278;1.0;23
de.danoeh.antennapod.fragment.CompletedDownloadsFragment;1;7;6;2;1;9;113;0;10;72;292;0;17;232;7;0;56;0.3088;1.0;34
de.danoeh.antennapod.fragment.CompletedDownloadsFragment.CompletedDownloadsListAdapter;1;3;0;1;2;9;9;0;2;0;15;0;3;15;0;0;7;0.0;1.0;5
de.danoeh.antennapod.fragment.CoverFragment;10;4;8;2;1;214;201;0;13;79;301;0;19;234;6;0;102;0.3509;1.0;67
de.danoeh.antennapod.fragment.DiscoveryFragment;4;4;8;2;1;80;102;0;2;74;283;0;6;221;3;0;52;0.7;1.0;18
de.danoeh.antennapod.fragment.DownloadLogFragment;5;5;3;3;2;68;69;0;4;83;311;0;11;243;7;0;46;0.2182;1.0;21
de.danoeh.antennapod.fragment.DownloadsFragment;0;6;3;1;1;1;41;0;4;10;26;0;4;16;0;0;22;0.5;1.0;9
de.danoeh.antennapod.fragment.DownloadsFragment.DownloadsPagerAdapter;1;1;0;3;2;1;8;0;2;15;91;0;3;82;0;0;4;0.0;1.0;5
de.danoeh.antennapod.fragment.EpisodesFragment;0;6;2;1;2;1;41;0;4;9;25;0;4;16;0;0;22;0.3333;1.0;9
de.danoeh.antennapod.fragment.EpisodesFragment.EpisodesPagerAdapter;1;1;0;3;2;1;10;0;2;15;91;0;3;82;0;0;4;0.0;1.0;6
de.danoeh.antennapod.fragment.EpisodesListFragment;3;6;6;2;3;145;187;1;15;77;305;0;25;240;8;0;78;0.336;0.9565;64
de.danoeh.antennapod.fragment.ExternalPlayerFragment;4;4;5;2;1;107;89;0;5;70;285;0;12;227;6;0;50;0.6182;1.0;31
de.danoeh.antennapod.fragment.FavoriteEpisodesFragment;3;4;1;1;5;17;28;1;6;2;20;0;6;18;0;0;12;0.0667;0.8333;8
de.danoeh.antennapod.fragment.FeedInfoFragment;2;11;8;2;1;2;137;0;6;79;293;0;10;226;4;0;99;0.3778;1.0;32
de.danoeh.antennapod.fragment.FeedInfoFragment.AddLocalFolder;2;1;0;3;1;2;1;0;0;0;21;0;1;21;1;0;3;0.0;1.0;1
de.danoeh.antennapod.fragment.FeedItemlistFragment;2;10;11;2;1;6;327;0;26;89;326;0;32;249;6;0;127;0.371;1.0;96
de.danoeh.antennapod.fragment.FeedItemlistFragment.FeedItemListAdapter;2;3;0;1;2;6;6;0;2;0;15;0;3;15;0;0;6;0.0;1.0;4
de.danoeh.antennapod.fragment.FeedSettingsFragment;2;4;2;2;1;163;22;0;1;65;271;0;3;218;2;0;29;0.6667;1.0;5
de.danoeh.antennapod.fragment.FeedSettingsFragment.FeedSettingsPreferenceFragment;2;5;3;3;2;163;180;0;16;87;341;0;18;271;2;0;67;0.5752;1.0;42
de.danoeh.antennapod.fragment.ItemDescriptionFragment;0;3;2;2;1;79;85;0;4;69;282;0;10;225;6;0;39;0.6667;1.0;27
de.danoeh.antennapod.fragment.ItemFragment;5;11;8;2;1;223;197;0;12;89;311;0;19;234;7;0;92;0.269;1.0;63
de.danoeh.antennapod.fragment.ItemPagerFragment;1;5;4;2;1;2;64;0;6;70;283;0;9;225;3;0;50;0.3889;1.0;19
de.danoeh.antennapod.fragment.ItemPagerFragment.ItemPagerAdapter;2;2;0;3;1;2;3;0;2;15;91;0;3;82;0;0;4;1.0;1.0;3
de.danoeh.antennapod.fragment.NavDrawerFragment;4;6;5;2;3;104;213;0;11;75;296;0;17;233;6;0;78;0.1838;1.0;37
de.danoeh.antennapod.fragment.NewEpisodesFragment;1;3;1;1;6;14;18;1;6;2;20;0;6;18;0;0;11;0.0;0.8333;6
de.danoeh.antennapod.fragment.OnlineSearchFragment;3;5;7;2;1;88;96;0;6;74;287;0;10;225;3;0;55;0.2778;1.0;21
de.danoeh.antennapod.fragment.PlaybackHistoryFragment;0;7;6;2;3;2;120;0;12;72;294;0;18;234;6;0;61;0.3268;1.0;42
de.danoeh.antennapod.fragment.PlaybackHistoryFragment.PlaybackHistoryListAdapter;0;1;0;1;1;2;2;0;1;0;14;0;2;14;0;0;3;0.0;1.0;2
de.danoeh.antennapod.fragment.QueueFragment;1;8;8;2;1;17;380;0;17;80;309;0;25;241;8;0;109;0.41;1.0;100
de.danoeh.antennapod.fragment.QueueFragment.QueueSwipeActions;2;1;0;1;3;17;28;0;5;2;20;0;6;18;0;0;13;0.2;1.0;15
de.danoeh.antennapod.fragment.QuickFeedDiscoveryFragment;7;4;7;2;1;75;78;0;3;72;281;0;5;221;2;0;37;0.4;1.0;11
de.danoeh.antennapod.fragment.SearchFragment;5;6;7;2;2;137;167;0;13;78;299;0;18;233;5;0;86;0.2614;1.0;46
de.danoeh.antennapod.fragment.SubscriptionFragment;2;9;10;2;1;182;210;0;13;84;308;0;20;236;7;0;101;0.2474;1.0;54
de.danoeh.antennapod.fragment.TransitionEffect;N/A;N/A;N/A;N/A;N/A;N/A;0;N/A;N/A;N/A;N/A;N/A;N/A;N/A;N/A;N/A;N/A;N/A;N/A;N/A
de.danoeh.antennapod.fragment.actions.EpisodeMultiSelectActionHandler;4;4;2;1;1;49;63;0;9;3;25;0;10;22;0;0;16;0.4444;1.0;25
de.danoeh.antennapod.fragment.actions.FeedMultiSelectActionHandler;6;6;2;1;1;60;72;0;8;3;24;0;9;21;0;0;27;0.8214;1.0;24
de.danoeh.antennapod.fragment.gpodnet.GpodnetMainFragment;0;6;0;2;1;1;31;0;1;65;270;0;2;217;1;0;21;0.0;1.0;5
de.danoeh.antennapod.fragment.gpodnet.GpodnetMainFragment.GpodnetPagerAdapter;1;1;0;3;2;1;8;0;2;15;91;0;3;82;0;0;4;0.0;1.0;5
de.danoeh.antennapod.fragment.gpodnet.PodcastListFragment;4;4;6;2;1;56;43;0;2;68;275;0;4;219;1;0;30;0.6667;1.0;6
de.danoeh.antennapod.fragment.gpodnet.PodcastTopListFragment;0;0;0;1;1;1;1;0;1;1;14;0;1;13;0;0;1;0.0;1.0;1
de.danoeh.antennapod.fragment.gpodnet.TagFragment;0;0;0;1;2;7;12;0;3;2;17;0;3;15;0;0;7;0.3333;1.0;5
de.danoeh.antennapod.fragment.gpodnet.TagListFragment;1;0;2;3;1;36;23;0;1;79;299;0;3;235;2;0;26;0.3333;1.0;5
de.danoeh.antennapod.fragment.preferences.AutoDownloadPreferencesFragment;8;6;2;3;2;80;120;0;8;78;324;0;10;263;2;0;51;0.0889;1.0;36
de.danoeh.antennapod.fragment.preferences.ImportExportPreferencesFragment;1;4;4;3;3;3;125;0;16;97;351;0;18;271;2;0;87;0.1569;1.0;33
de.danoeh.antennapod.fragment.preferences.ImportExportPreferencesFragment.BackupDatabase;1;1;0;3;1;3;1;0;0;0;21;0;1;21;1;0;4;0.0;1.0;1
de.danoeh.antennapod.fragment.preferences.MainPreferencesFragment;5;5;1;3;2;122;70;0;3;88;328;0;4;257;1;0;37;0.1667;1.0;7
de.danoeh.antennapod.fragment.preferences.NetworkPreferencesFragment;6;5;1;3;3;59;51;0;5;78;323;0;8;262;3;0;34;0.0;1.0;12
de.danoeh.antennapod.fragment.preferences.NotificationPreferencesFragment;2;3;1;3;2;9;5;0;2;77;316;0;3;256;1;0;8;0.0;1.0;3
de.danoeh.antennapod.fragment.preferences.PlaybackPreferencesFragment;4;6;1;3;2;48;64;0;5;80;322;0;6;259;1;0;29;0.0667;1.0;12
de.danoeh.antennapod.fragment.preferences.StoragePreferencesFragment;2;3;1;3;2;22;18;0;3;78;319;0;5;258;2;0;14;0.1;1.0;6
de.danoeh.antennapod.fragment.preferences.SwipePreferencesFragment;2;3;1;3;2;13;9;0;1;78;316;0;2;255;1;0;8;0.0;1.0;2
de.danoeh.antennapod.fragment.preferences.UserInterfacePreferencesFragment;6;5;1;3;2;94;102;0;4;77;318;0;5;258;1;0;38;0.3;1.0;15
de.danoeh.antennapod.fragment.preferences.about.AboutFragment;5;4;0;3;2;40;19;0;1;76;314;0;2;255;1;0;22;0.0;1.0;2
de.danoeh.antennapod.fragment.preferences.about.ContributorsPagerFragment;0;5;0;2;2;1;23;0;0;66;271;0;2;217;2;0;14;0.0;1.0;6
de.danoeh.antennapod.fragment.preferences.about.ContributorsPagerFragment.StatisticsPagerAdapter;1;1;0;3;2;1;10;0;2;15;91;0;3;82;0;0;4;0.0;1.0;6
de.danoeh.antennapod.fragment.preferences.about.DevelopersFragment;2;0;1;3;1;26;16;0;0;77;296;0;2;234;2;0;28;1.0;1.0;4
de.danoeh.antennapod.fragment.preferences.about.LicensesFragment;2;3;2;3;2;26;39;0;1;78;300;0;5;237;4;0;52;0.2;1.0;11
de.danoeh.antennapod.fragment.preferences.about.LicensesFragment.LicenseItem;0;1;1;1;0;1;3;0;0;2;15;0;1;13;0;0;2;0.0;0.0;1
de.danoeh.antennapod.fragment.preferences.about.SpecialThanksFragment;2;0;1;3;1;26;16;0;0;77;296;0;2;234;2;0;28;1.0;1.0;4
de.danoeh.antennapod.fragment.preferences.about.TranslatorsFragment;2;0;1;3;1;26;16;0;0;77;296;0;2;234;2;0;28;1.0;1.0;4
de.danoeh.antennapod.fragment.preferences.dialog.PreferenceListDialog;1;3;3;1;1;7;13;1;2;4;19;0;3;15;0;0;11;1.0;0.5;5
de.danoeh.antennapod.fragment.preferences.dialog.PreferenceListDialog.OnPreferenceChangedListener;N/A;N/A;N/A;N/A;N/A;N/A;N/A;N/A;N/A;N/A;N/A;N/A;N/A;N/A;N/A;N/A;N/A;N/A;N/A;N/A
de.danoeh.antennapod.fragment.preferences.dialog.PreferenceSwitchDialog;3;5;3;1;1;12;17;1;2;4;19;0;3;15;0;0;16;1.0;0.5;4
de.danoeh.antennapod.fragment.preferences.dialog.PreferenceSwitchDialog.OnPreferenceChangedListener;N/A;N/A;N/A;N/A;N/A;N/A;N/A;N/A;N/A;N/A;N/A;N/A;N/A;N/A;N/A;N/A;N/A;N/A;N/A;N/A
de.danoeh.antennapod.fragment.preferences.synchronization.GpodderAuthenticationFragment;10;4;3;3;1;158;162;0;10;102;341;0;11;262;1;0;58;0.2;1.0;33
de.danoeh.antennapod.fragment.preferences.synchronization.NextcloudAuthenticationFragment;3;3;2;3;2;37;37;0;2;93;326;0;5;256;3;0;25;0.3;1.0;8
de.danoeh.antennapod.fragment.preferences.synchronization.SynchronizationPreferencesFragment;6;7;1;3;2;110;104;0;8;81;327;0;10;263;2;0;43;0.0222;1.0;20
de.danoeh.antennapod.fragment.swipeactions.AddToQueueSwipeAction;3;4;0;1;6;5;10;0;6;0;18;0;6;18;0;0;8;0.0;1.0;8
de.danoeh.antennapod.fragment.swipeactions.MarkFavoriteSwipeAction;3;4;0;1;6;2;6;0;6;0;18;0;6;18;0;0;7;0.0;1.0;7
de.danoeh.antennapod.fragment.swipeactions.MarkPlayedSwipeAction;3;4;0;1;5;4;7;0;6;0;18;0;6;18;0;0;7;0.0;1.0;8
de.danoeh.antennapod.fragment.swipeactions.RemoveFromInboxSwipeAction;3;4;0;1;5;4;8;0;6;0;18;0;6;18;0;0;7;0.0;1.0;7
de.danoeh.antennapod.fragment.swipeactions.RemoveFromQueueSwipeAction;5;5;0;1;5;16;10;0;6;0;18;0;6;18;0;0;11;0.0;1.0;8
de.danoeh.antennapod.fragment.swipeactions.ShowFirstSwipeDialogAction;2;3;0;1;6;0;5;0;6;0;18;0;6;18;0;0;6;0.0;1.0;6
de.danoeh.antennapod.fragment.swipeactions.StartDownloadSwipeAction;3;4;0;1;6;6;8;0;6;0;18;0;6;18;0;0;8;0.0;1.0;8
de.danoeh.antennapod.fragment.swipeactions.SwipeAction;N/A;N/A;N/A;N/A;N/A;N/A;N/A;N/A;N/A;N/A;N/A;N/A;N/A;N/A;N/A;N/A;N/A;N/A;N/A;N/A
de.danoeh.antennapod.fragment.swipeactions.SwipeActions;1;3;5;3;3;11;81;1;12;21;79;0;20;69;6;0;52;0.1242;0.9444;40
de.danoeh.antennapod.fragment.swipeactions.SwipeActions.Actions;2;2;0;1;1;11;6;0;1;2;16;0;2;14;0;2;6;0.0;1.0;4
de.danoeh.antennapod.menuhandler.FeedItemMenuHandler;3;3;1;1;1;108;141;0;7;1;21;0;8;20;0;0;21;0.0952;1.0;48
de.danoeh.antennapod.menuhandler.FeedMenuHandler;0;3;1;1;1;26;52;0;4;1;18;0;5;17;0;0;10;0.1667;1.0;16
de.danoeh.antennapod.model.feed.Chapter;0;0;1;1;5;2;16;9;9;4;29;0;13;25;0;0;14;0.1667;0.0;13
de.danoeh.antennapod.model.feed.EmbeddedChapterImage;0;0;2;1;5;17;29;3;6;5;26;0;9;21;2;0;19;0.0;0.5;14
de.danoeh.antennapod.model.feed.Feed;0;0;3;1;11;38;193;34;48;24;90;0;54;66;0;0;65;0.0807;0.2917;110
de.danoeh.antennapod.model.feed.FeedComponent;0;0;0;1;4;1;11;2;4;1;21;0;8;20;2;0;9;0.1667;0.5;10
de.danoeh.antennapod.model.feed.FeedFile;0;0;1;1;3;6;29;5;9;3;27;0;12;24;0;0;16;0.3333;0.4444;17
de.danoeh.antennapod.model.feed.FeedFilter;0;0;1;1;1;36;48;3;10;3;28;0;13;25;0;0;26;0.2;0.7;30
de.danoeh.antennapod.model.feed.FeedFunding;1;1;1;1;1;21;50;2;4;4;23;0;7;19;2;2;20;0.5;0.5;27
de.danoeh.antennapod.model.feed.FeedItem;2;0;4;1;3;36;172;21;43;20;80;0;48;60;1;0;59;0.1085;0.5116;90
de.danoeh.antennapod.model.feed.FeedItem.State;N/A;N/A;N/A;N/A;N/A;N/A;0;N/A;N/A;N/A;N/A;N/A;N/A;N/A;N/A;N/A;N/A;N/A;N/A;N/A
de.danoeh.antennapod.model.feed.FeedItemFilter;0;1;1;1;3;18;19;1;4;27;45;0;6;18;0;13;10;0.1667;0.75;6
de.danoeh.antennapod.model.feed.FeedMedia;1;0;4;1;8;85;194;17;51;19;86;0;55;67;1;0;79;0.1475;0.6667;105
de.danoeh.antennapod.model.feed.FeedPreferences;0;1;3;1;12;5;55;26;29;16;59;0;31;43;0;0;35;0.0591;0.1034;35
de.danoeh.antennapod.model.feed.FeedPreferences.AutoDeleteAction;N/A;N/A;N/A;N/A;N/A;N/A;0;N/A;N/A;N/A;N/A;N/A;N/A;N/A;N/A;N/A;N/A;N/A;N/A;N/A
de.danoeh.antennapod.model.feed.SortOrder;N/A;N/A;N/A;N/A;N/A;N/A;23;N/A;N/A;N/A;N/A;N/A;N/A;N/A;N/A;N/A;N/A;N/A;N/A;N/A
de.danoeh.antennapod.model.feed.SortOrder.Scope;N/A;N/A;N/A;N/A;N/A;N/A;0;N/A;N/A;N/A;N/A;N/A;N/A;N/A;N/A;N/A;N/A;N/A;N/A;N/A
de.danoeh.antennapod.model.feed.VolumeAdaptionSetting;N/A;N/A;N/A;N/A;N/A;N/A;10;N/A;N/A;N/A;N/A;N/A;N/A;N/A;N/A;N/A;N/A;N/A;N/A;N/A
de.danoeh.antennapod.model.playback.MediaType;N/A;N/A;N/A;N/A;N/A;N/A;13;N/A;N/A;N/A;N/A;N/A;N/A;N/A;N/A;N/A;N/A;N/A;N/A;N/A
de.danoeh.antennapod.model.playback.Playable;N/A;N/A;N/A;N/A;N/A;N/A;N/A;N/A;N/A;N/A;N/A;N/A;N/A;N/A;N/A;N/A;N/A;N/A;N/A;N/A
de.danoeh.antennapod.model.playback.RemoteMedia;0;0;4;1;10;54;101;24;35;19;70;0;39;51;2;0;48;0.0622;0.3143;50
de.danoeh.antennapod.net.ssl.BackportCaCerts;0;0;1;1;0;0;0;0;0;3;15;0;0;12;0;0;0;0.0;0.0;0
de.danoeh.antennapod.net.ssl.BackportTrustManager;0;0;1;1;1;27;24;0;2;1;15;0;2;14;0;0;20;0.0;1.0;6
de.danoeh.antennapod.net.ssl.CompositeX509TrustManager;0;0;1;1;1;6;22;0;3;1;20;0;4;19;0;0;11;1.0;1.0;9
de.danoeh.antennapod.net.ssl.NoV1SslSocketFactory;0;0;1;3;1;23;35;0;8;1;33;0;10;34;1;0;23;0.7778;1.0;13
de.danoeh.antennapod.net.ssl.SslClientSetup;3;0;0;1;1;13;13;0;1;0;13;0;1;13;0;0;11;0.0;1.0;3
de.danoeh.antennapod.net.ssl.SslProviderInstaller;0;0;0;1;1;2;1;0;1;0;13;0;1;13;0;0;3;0.0;1.0;1
de.danoeh.antennapod.net.sync.HostnameParser;0;0;2;1;0;10;23;0;0;4;17;0;1;13;0;3;7;0.0;0.0;8
de.danoeh.antennapod.net.sync.gpoddernet.GpodnetService;2;0;3;1;2;177;294;0;23;13;49;0;24;36;0;0;80;0.3043;1.0;75
de.danoeh.antennapod.net.sync.gpoddernet.GpodnetServiceAuthenticationException;0;0;0;1;0;1;1;0;0;1;14;0;1;13;0;0;2;0.0;0.0;1
de.danoeh.antennapod.net.sync.gpoddernet.GpodnetServiceBadStatusCodeException;0;0;0;1;0;1;2;0;0;2;15;0;1;13;0;0;2;0.0;0.0;1
de.danoeh.antennapod.net.sync.gpoddernet.GpodnetServiceException;0;0;0;1;0;2;2;0;0;1;15;0;2;14;0;0;3;0.0;0.0;2
de.danoeh.antennapod.net.sync.gpoddernet.mapper.ResponseMapper;0;0;0;1;2;17;33;0;2;0;14;0;2;14;0;0;11;0.0;1.0;6
de.danoeh.antennapod.net.sync.gpoddernet.model.GpodnetDevice;2;1;2;1;4;1;9;4;4;4;22;0;6;18;1;0;7;0.0;0.0;6
de.danoeh.antennapod.net.sync.gpoddernet.model.GpodnetDevice.DeviceType;N/A;N/A;N/A;N/A;N/A;N/A;15;N/A;N/A;N/A;N/A;N/A;N/A;N/A;N/A;N/A;N/A;N/A;N/A;N/A
de.danoeh.antennapod.net.sync.gpoddernet.model.GpodnetEpisodeActionPostResponse;1;0;1;1;1;10;14;0;1;1;16;0;3;15;1;0;13;0.0;1.0;4
de.danoeh.antennapod.net.sync.gpoddernet.model.GpodnetPodcast;0;0;1;1;8;0;17;8;8;8;30;0;10;22;1;0;10;0.0;0.0;10
de.danoeh.antennapod.net.sync.gpoddernet.model.GpodnetTag;0;0;2;1;2;6;16;3;5;6;26;0;8;22;1;0;12;0.3;0.4;8
de.danoeh.antennapod.net.sync.gpoddernet.model.GpodnetUploadChangesResponse;0;0;1;1;1;8;14;0;1;1;16;0;3;15;1;1;12;0.0;1.0;4
de.danoeh.antennapod.net.sync.model.EpisodeAction;1;2;3;1;1;8;84;8;11;14;41;0;15;27;3;0;45;0.2;0.2727;42
de.danoeh.antennapod.net.sync.model.EpisodeAction.Action;N/A;N/A;N/A;N/A;N/A;N/A;0;N/A;N/A;N/A;N/A;N/A;N/A;N/A;N/A;N/A;N/A;N/A;N/A;N/A
de.danoeh.antennapod.net.sync.model.EpisodeAction.Builder;1;2;3;1;4;8;23;0;7;8;29;0;9;21;0;0;11;0.1429;1.0;12
de.danoeh.antennapod.net.sync.model.EpisodeActionChanges;0;0;1;1;2;0;5;2;2;2;18;0;4;16;1;0;4;0.0;0.0;4
de.danoeh.antennapod.net.sync.model.ISyncService;N/A;N/A;N/A;N/A;N/A;N/A;N/A;N/A;N/A;N/A;N/A;N/A;N/A;N/A;N/A;N/A;N/A;N/A;N/A;N/A
de.danoeh.antennapod.net.sync.model.SubscriptionChanges;0;0;1;1;3;2;7;3;3;3;20;0;5;17;1;0;6;0.0;0.0;5
de.danoeh.antennapod.net.sync.model.SyncServiceException;0;0;0;3;0;2;2;0;0;1;38;0;2;37;0;0;4;0.0;0.0;2
de.danoeh.antennapod.net.sync.model.UploadChangesResponse;0;0;0;1;0;0;1;0;0;1;14;0;1;13;0;1;1;0.0;0.0;1
de.danoeh.antennapod.net.sync.nextcloud.NextcloudLoginFlow;0;1;5;1;1;48;32;0;4;9;26;0;5;17;0;0;40;0.5;1.0;8
de.danoeh.antennapod.net.sync.nextcloud.NextcloudLoginFlow.AuthenticationCallback;N/A;N/A;N/A;N/A;N/A;N/A;N/A;N/A;N/A;N/A;N/A;N/A;N/A;N/A;N/A;N/A;N/A;N/A;N/A;N/A
de.danoeh.antennapod.net.sync.nextcloud.NextcloudSyncService;0;1;2;1;3;1;66;0;9;7;29;0;10;22;0;0;46;0.0;1.0;20
de.danoeh.antennapod.net.sync.nextcloud.NextcloudSyncService.NextcloudGpodderEpisodeActionPostResponse;0;1;0;1;0;1;1;0;0;0;13;0;1;13;0;0;2;0.0;0.0;1
de.danoeh.antennapod.net.sync.nextcloud.NextcloudSynchronizationServiceException;0;0;0;1;0;1;1;0;0;0;13;0;1;13;0;0;2;0.0;0.0;1
de.danoeh.antennapod.parser.feed.FeedHandler;0;0;0;1;1;7;12;0;1;0;13;0;1;13;0;0;7;0.0;1.0;1
de.danoeh.antennapod.parser.feed.FeedHandlerResult;0;0;1;1;0;0;2;0;0;2;15;0;1;13;0;2;1;0.0;0.0;1
de.danoeh.antennapod.parser.feed.HandlerState;0;0;4;1;8;9;28;10;13;10;36;0;14;26;0;2;21;0.0769;0.2308;14
de.danoeh.antennapod.parser.feed.SyndHandler;0;0;1;2;1;54;69;1;2;3;59;0;9;56;6;1;15;1.0;0.875;38
de.danoeh.antennapod.parser.feed.UnsupportedFeedtypeException;0;0;1;3;2;1;16;2;2;4;45;0;6;41;1;0;7;0.3333;0.3333;8
de.danoeh.antennapod.parser.feed.element.AtomText;1;0;1;1;1;5;14;1;2;4;19;0;3;15;0;0;7;1.0;0.5;6
de.danoeh.antennapod.parser.feed.element.SimpleChapter;0;0;0;1;1;1;2;1;1;1;15;0;2;14;0;0;3;0.0;0.0;2
de.danoeh.antennapod.parser.feed.element.SyndElement;0;0;1;1;2;0;4;2;2;2;17;0;3;15;0;0;3;0.0;0.0;3
de.danoeh.antennapod.parser.feed.namespace.Atom;0;0;1;1;1;167;145;0;2;35;49;0;2;14;0;0;8;1.0;1.0;84
de.danoeh.antennapod.parser.feed.namespace.Content;0;0;1;1;2;7;4;0;2;3;17;0;2;14;0;0;3;0.0;1.0;5
de.danoeh.antennapod.parser.feed.namespace.DublinCore;0;0;1;1;2;17;10;0;2;4;18;0;2;14;0;0;3;0.0;1.0;8
de.danoeh.antennapod.parser.feed.namespace.Itunes;1;0;1;1;2;47;44;0;2;8;22;0;2;14;0;0;9;0.0;1.0;20
de.danoeh.antennapod.parser.feed.namespace.Media;1;0;1;1;1;49;74;0;2;17;31;0;2;14;0;0;9;1.0;1.0;30
de.danoeh.antennapod.parser.feed.namespace.Namespace;0;0;0;1;2;0;0;0;0;0;14;0;2;14;0;0;2;0.0;0.0;2
de.danoeh.antennapod.parser.feed.namespace.PodcastIndex;0;0;1;1;1;14;14;0;2;5;19;0;2;14;0;0;5;1.0;1.0;7
de.danoeh.antennapod.parser.feed.namespace.Rss20;2;0;1;1;1;116;91;0;2;15;29;0;2;14;0;0;10;1.0;1.0;49
de.danoeh.antennapod.parser.feed.namespace.SimpleChapters;0;0;1;1;2;12;17;0;2;9;23;0;2;14;0;0;6;0.0;1.0;6
de.danoeh.antennapod.parser.feed.util.DateUtils;2;1;2;1;2;43;71;0;3;2;18;0;4;16;0;0;34;0.0;1.0;21
de.danoeh.antennapod.parser.feed.util.DurationParser;2;1;0;1;1;15;20;0;3;0;15;0;3;15;0;0;10;0.0;1.0;7
de.danoeh.antennapod.parser.feed.util.MimeTypeUtils;0;0;2;1;2;16;33;0;4;3;20;0;5;17;0;0;13;0.0;1.0;17
de.danoeh.antennapod.parser.feed.util.SyndStringUtils;0;0;0;1;1;1;1;0;1;0;14;0;2;14;0;0;3;0.0;1.0;2
de.danoeh.antennapod.parser.feed.util.TypeGetter;2;1;1;1;1;34;73;0;2;3;17;0;2;14;0;0;17;0.0;1.0;22
de.danoeh.antennapod.parser.feed.util.TypeGetter.Type;N/A;N/A;N/A;N/A;N/A;N/A;0;N/A;N/A;N/A;N/A;N/A;N/A;N/A;N/A;N/A;N/A;N/A;N/A;N/A
de.danoeh.antennapod.parser.media.id3.ChapterReader;0;0;2;1;1;61;61;1;4;8;25;0;5;17;0;0;13;0.3333;0.75;17
de.danoeh.antennapod.parser.media.id3.ID3Chapter;0;0;1;1;1;5;5;1;1;2;18;0;4;16;1;0;5;0.0;0.0;4
de.danoeh.antennapod.parser.media.id3.ID3Reader;0;0;2;1;1;75;109;0;17;8;38;0;18;30;0;0;30;0.125;1.0;40
de.danoeh.antennapod.parser.media.id3.ID3ReaderException;0;0;0;3;0;1;1;0;0;1;37;0;1;36;0;0;2;0.0;0.0;1
de.danoeh.antennapod.parser.media.id3.model.FrameHeader;0;0;0;1;0;3;3;0;0;1;15;0;2;14;1;0;4;0.0;0.0;2
de.danoeh.antennapod.parser.media.id3.model.Header;0;0;1;1;2;1;6;2;2;2;18;0;4;16;1;0;5;0.0;0.0;4
de.danoeh.antennapod.parser.media.id3.model.TagHeader;0;0;0;1;1;1;5;1;1;2;17;0;3;15;1;0;4;0.0;0.0;3
de.danoeh.antennapod.parser.media.vorbis.VorbisCommentChapter;2;1;0;1;4;21;30;2;5;3;23;0;8;20;1;0;19;0.1;0.6;14
de.danoeh.antennapod.parser.media.vorbis.VorbisCommentChapterReader;1;0;2;1;3;21;42;1;8;5;26;0;9;21;0;0;15;0.4286;0.875;19
de.danoeh.antennapod.parser.media.vorbis.VorbisCommentHeader;0;0;1;1;2;1;6;2;2;2;18;0;4;16;1;0;5;0.0;0.0;4
de.danoeh.antennapod.parser.media.vorbis.VorbisCommentReader;2;1;0;1;1;46;109;0;9;5;32;0;15;27;0;0;33;0.1667;1.0;35
de.danoeh.antennapod.parser.media.vorbis.VorbisCommentReaderException;0;0;0;3;0;2;2;0;0;1;38;0;2;37;0;0;4;0.0;0.0;2
de.danoeh.antennapod.playback.base.PlaybackServiceMediaPlayer;0;2;4;1;28;0;33;1;9;7;59;0;40;52;0;0;56;0.1667;0.8889;51
de.danoeh.antennapod.playback.base.PlaybackServiceMediaPlayer.PSMPCallback;N/A;N/A;N/A;N/A;N/A;N/A;N/A;N/A;N/A;N/A;N/A;N/A;N/A;N/A;N/A;N/A;N/A;N/A;N/A;N/A
de.danoeh.antennapod.playback.base.PlaybackServiceMediaPlayer.PSMPInfo;0;2;0;1;0;0;3;0;0;3;16;0;1;13;0;3;1;0.0;0.0;1
de.danoeh.antennapod.playback.base.PlayerStatus;N/A;N/A;N/A;N/A;N/A;N/A;3;N/A;N/A;N/A;N/A;N/A;N/A;N/A;N/A;N/A;N/A;N/A;N/A;N/A
de.danoeh.antennapod.playback.base.RewindAfterPauseUtils;1;0;0;1;1;8;17;0;1;6;20;0;2;14;0;0;5;0.0;1.0;7
de.danoeh.antennapod.playback.cast.CastEnabledActivity;0;0;1;9;1;0;0;0;1;143;764;0;1;746;0;0;1;0.0;1.0;1
de.danoeh.antennapod.playback.cast.CastPsmp;0;0;0;1;1;0;1;0;1;0;13;0;1;13;0;0;1;0.0;1.0;1
de.danoeh.antennapod.playback.cast.CastStateListener;0;0;0;1;2;0;0;0;2;0;15;0;3;15;0;0;3;0.0;1.0;3
de.danoeh.antennapod.preferences.MasterSwitchPreference;6;2;0;4;1;12;12;0;0;53;222;0;5;171;1;0;18;0.0;1.0;6
de.danoeh.antennapod.preferences.NumberPickerPreference;5;3;1;2;1;50;52;0;1;49;183;0;6;136;1;0;43;1.0;1.0;17
de.danoeh.antennapod.preferences.PreferenceUpgrader;3;2;2;1;1;53;71;0;2;3;17;0;2;14;0;0;14;1.0;1.0;22
de.danoeh.antennapod.receiver.ConnectivityActionReceiver;1;0;1;2;1;5;5;0;1;1;33;0;1;32;0;0;4;0.0;1.0;2
de.danoeh.antennapod.receiver.PowerConnectionReceiver;1;0;1;2;1;10;14;0;1;1;33;0;1;32;0;0;4;0.0;1.0;3
de.danoeh.antennapod.receiver.SPAReceiver;2;2;1;2;1;15;20;0;1;4;36;0;1;32;0;0;10;0.0;1.0;5
de.danoeh.antennapod.spa.SPAUtil;0;0;1;1;1;9;18;0;1;2;16;0;2;14;0;0;11;0.0;1.0;5
de.danoeh.antennapod.ui.appstartintent.MainActivityStarter;3;2;3;1;1;7;8;1;4;4;21;0;5;17;0;0;11;0.3333;0.75;6
de.danoeh.antennapod.ui.appstartintent.VideoPlayerActivityStarter;5;2;3;1;1;7;9;1;3;3;19;0;4;16;0;0;10;0.3333;0.6667;6
de.danoeh.antennapod.ui.common.CircularProgressBar;4;2;3;2;1;34;41;0;2;183;681;0;6;680;1;0;29;0.6667;1.0;14
de.danoeh.antennapod.ui.common.PagedToolbarFragment;0;0;2;2;1;11;17;0;2;64;269;1;2;217;0;0;11;1.0;1.0;5
de.danoeh.antennapod.ui.common.PlaybackSpeedIndicatorView;6;2;3;2;1;61;49;0;2;187;686;0;7;681;2;0;42;0.8333;1.0;10
de.danoeh.antennapod.ui.common.RecursiveRadioGroup;0;0;2;4;1;12;28;1;3;193;947;0;7;953;1;0;16;0.1667;0.75;13
de.danoeh.antennapod.ui.common.SquareImageView;1;2;0;4;1;20;22;0;2;181;767;0;6;768;1;0;18;1.0;1.0;9
de.danoeh.antennapod.ui.common.ThemeUtils;1;0;0;1;1;5;9;0;2;0;15;0;3;15;0;0;7;1.0;1.0;4
de.danoeh.antennapod.ui.common.WrappingGridView;3;0;0;6;1;6;8;0;0;201;1137;0;4;1145;1;0;10;0.0;1.0;5
de.danoeh.antennapod.ui.statistics.PieChartView;8;4;1;4;2;18;12;0;2;178;764;0;6;768;1;0;14;0.3333;1.0;6
de.danoeh.antennapod.ui.statistics.PieChartView.PieChartData;2;6;0;1;1;2;16;1;4;3;20;0;5;17;0;0;5;0.1667;0.75;8
de.danoeh.antennapod.ui.statistics.PieChartView.PieChartDrawable;8;3;2;2;4;18;29;0;4;3;85;0;5;91;0;0;20;0.0;1.0;9
de.danoeh.antennapod.ui.statistics.StatisticsFragment;0;8;4;1;1;1;25;0;1;8;21;0;1;13;0;0;10;0.0;1.0;5
de.danoeh.antennapod.ui.statistics.StatisticsFragment.StatisticsPagerAdapter;1;4;0;3;2;1;10;0;2;15;91;0;3;82;0;0;4;0.0;1.0;6
de.danoeh.antennapod.ui.statistics.StatisticsListAdapter;1;11;3;2;1;5;24;0;4;8;64;2;10;56;1;0;30;0.6;1.0;13
de.danoeh.antennapod.ui.statistics.StatisticsListAdapter.HeaderHolder;1;4;2;2;0;4;4;0;0;37;80;0;1;58;0;0;3;0.0;0.0;1
de.danoeh.antennapod.ui.statistics.StatisticsListAdapter.StatisticsHolder;1;5;2;2;0;5;5;0;0;38;81;0;1;58;0;4;3;0.0;0.0;1
de.danoeh.antennapod.ui.statistics.downloads.DownloadStatisticsFragment;4;6;5;2;2;33;25;0;2;67;275;0;5;220;3;0;30;0.3;1.0;6
de.danoeh.antennapod.ui.statistics.downloads.DownloadStatisticsListAdapter;3;6;0;3;2;12;12;0;4;8;67;0;5;61;0;0;14;0.5;1.0;6
de.danoeh.antennapod.ui.statistics.feed.FeedStatisticsDialogFragment;3;5;1;3;1;18;14;0;1;91;322;0;3;254;2;0;22;0.6667;1.0;3
de.danoeh.antennapod.ui.statistics.feed.FeedStatisticsFragment;3;3;3;2;1;44;38;0;3;67;275;0;5;220;2;0;33;0.4;1.0;11
de.danoeh.antennapod.ui.statistics.subscriptions.PlaybackStatisticsListAdapter;5;7;1;3;2;21;26;0;5;12;72;0;6;62;0;0;23;0.4;1.0;8
de.danoeh.antennapod.ui.statistics.subscriptions.SubscriptionStatisticsFragment;3;9;6;2;1;133;134;0;6;76;291;0;12;227;6;0;91;0.2576;1.0;26
de.danoeh.antennapod.ui.statistics.years.LineChartView;10;4;1;4;1;29;9;0;2;178;763;0;5;767;0;0;10;1.0;1.0;5
de.danoeh.antennapod.ui.statistics.years.LineChartView.LineChartData;0;3;0;1;1;1;8;0;1;3;17;0;2;14;0;0;3;0.0;1.0;3
de.danoeh.antennapod.ui.statistics.years.LineChartView.LineChartDrawable;10;5;2;2;4;29;37;0;4;4;86;0;5;91;0;0;25;0.0;1.0;8
de.danoeh.antennapod.ui.statistics.years.YearStatisticsListAdapter;1;8;3;2;1;3;48;0;4;8;60;0;6;52;1;0;22;0.6;1.0;14
de.danoeh.antennapod.ui.statistics.years.YearStatisticsListAdapter.HeaderHolder;1;4;1;2;0;2;2;0;0;35;78;0;1;58;0;0;3;0.0;0.0;1
de.danoeh.antennapod.ui.statistics.years.YearStatisticsListAdapter.StatisticsHolder;1;3;1;2;0;3;3;0;0;36;79;0;1;58;0;0;3;0.0;0.0;1
de.danoeh.antennapod.ui.statistics.years.YearsStatisticsFragment;3;5;5;2;2;32;26;0;2;67;276;0;6;221;4;0;30;0.2667;1.0;8
de.danoeh.antennapod.view.AspectRatioVideoView;0;0;0;4;1;16;33;0;2;179;750;0;6;753;1;0;16;0.6667;1.0;11
de.danoeh.antennapod.view.ChapterSeekBar;1;3;1;6;1;64;81;0;6;187;817;0;10;812;1;0;43;0.4762;1.0;20
de.danoeh.antennapod.view.EmptyViewHandler;1;3;6;1;3;35;69;0;11;9;33;0;12;24;0;0;35;0.2;1.0;24
de.danoeh.antennapod.view.EpisodeItemListRecyclerView;3;3;2;4;2;37;34;0;4;302;1244;0;8;1175;1;0;38;0.6;1.0;11
de.danoeh.antennapod.view.ItemOffsetDecoration;1;0;0;2;1;4;3;0;0;1;22;0;2;21;1;0;6;0.0;1.0;2
de.danoeh.antennapod.view.LockableBottomSheetBehavior;0;0;0;1;1;7;28;1;7;1;22;0;9;21;0;0;10;1.0;0.8571;15
de.danoeh.antennapod.view.NestedScrollableHost;2;2;1;4;1;47;81;0;5;192;936;0;10;937;1;0;34;0.2667;1.0;32
de.danoeh.antennapod.view.PlayButton;2;3;0;5;1;17;23;1;2;179;771;0;5;774;0;0;16;1.0;0.5;12
de.danoeh.antennapod.view.PlaybackSpeedSeekBar;1;3;2;4;1;27;22;1;4;187;929;0;8;935;1;0;20;0.7;0.8;9
de.danoeh.antennapod.view.ShownotesWebView;7;3;3;5;2;77;100;2;5;195;1087;0;10;1102;2;0;54;0.381;0.7143;31
de.danoeh.antennapod.view.SimpleAdapterDataObserver;0;0;0;2;1;6;6;0;0;0;27;0;7;27;6;0;7;0.0;1.0;7
de.danoeh.antennapod.view.ToolbarIconTintManager;2;2;3;1;1;18;22;0;3;4;23;0;5;19;0;0;13;0.3333;1.0;8
de.danoeh.antennapod.view.viewholder.DownloadLogItemViewHolder;4;3;4;2;0;13;13;0;0;42;85;0;1;58;0;8;7;0.0;0.0;2
de.danoeh.antennapod.view.viewholder.EpisodeItemViewHolder;7;5;7;2;1;168;126;1;7;58;108;0;8;65;0;8;32;0.6667;0.8571;38
