Chidamber-Kemerer metrics,Tue., 22 Mar. 2022 16:13:57 EDT
Class,CBO,DIT,LCOM,NOC,RFC,WMC
com.google.android.material.bottomsheet.ViewPagerBottomSheetBehavior,2,3,1,1,12,11
de.danoeh.antennapod.PodcastApp,7,5,1,0,34,4
de.danoeh.antennapod.activity.BugReportActivity,11,9,2,0,57,7
de.danoeh.antennapod.activity.DownloadAuthenticationActivity,12,9,1,0,10,6
de.danoeh.antennapod.activity.MainActivity,77,10,5,0,182,115
de.danoeh.antennapod.activity.OnlineFeedViewActivity,51,9,2,0,227,86
de.danoeh.antennapod.activity.OnlineFeedViewActivity.FeedViewAuthenticationDialog,2,3,2,0,7,3
de.danoeh.antennapod.activity.OpmlImportActivity,15,9,1,0,97,26
de.danoeh.antennapod.activity.PreferenceActivity,23,9,2,0,46,34
de.danoeh.antennapod.activity.SelectSubscriptionActivity,15,9,1,0,66,14
de.danoeh.antennapod.activity.SplashActivity,7,9,1,0,29,2
de.danoeh.antennapod.activity.StorageErrorActivity,8,9,1,0,24,8
de.danoeh.antennapod.activity.VideoplayerActivity,42,10,4,0,221,132
de.danoeh.antennapod.activity.WidgetConfigActivity,7,9,1,0,30,14
de.danoeh.antennapod.adapter.ChaptersListAdapter,16,2,1,0,54,19
de.danoeh.antennapod.adapter.ChaptersListAdapter.Callback,n/a,n/a,n/a,n/a,1,n/a
de.danoeh.antennapod.adapter.ChaptersListAdapter.ChapterHolder,4,2,0,0,3,1
de.danoeh.antennapod.adapter.CoverLoader,6,1,1,0,22,10
de.danoeh.antennapod.adapter.CoverLoader.CoverTarget,6,2,2,0,20,10
de.danoeh.antennapod.adapter.DataFolderAdapter,8,2,4,0,38,12
de.danoeh.antennapod.adapter.DataFolderAdapter.StoragePath,2,1,1,0,10,7
de.danoeh.antennapod.adapter.DataFolderAdapter.ViewHolder,3,2,0,0,3,1
de.danoeh.antennapod.adapter.DownloadLogAdapter,22,2,2,0,56,32
de.danoeh.antennapod.adapter.EpisodeItemListAdapter,21,3,3,4,57,29
de.danoeh.antennapod.adapter.FeedDiscoverAdapter,8,2,2,0,27,7
de.danoeh.antennapod.adapter.FeedDiscoverAdapter.Holder,1,1,0,0,0,0
de.danoeh.antennapod.adapter.FeedItemlistDescriptionAdapter,16,3,1,0,33,9
de.danoeh.antennapod.adapter.FeedItemlistDescriptionAdapter.Holder,1,1,0,0,0,0
de.danoeh.antennapod.adapter.FeedSearchResultAdapter,9,2,1,0,31,6
de.danoeh.antennapod.adapter.FeedSearchResultAdapter.Holder,4,2,0,0,4,1
de.danoeh.antennapod.adapter.NavListAdapter,31,2,1,0,106,57
de.danoeh.antennapod.adapter.NavListAdapter.DividerHolder,4,3,0,0,3,1
de.danoeh.antennapod.adapter.NavListAdapter.FeedHolder,4,3,0,0,3,1
de.danoeh.antennapod.adapter.NavListAdapter.Holder,4,2,0,3,2,1
de.danoeh.antennapod.adapter.NavListAdapter.ItemAccess,n/a,n/a,n/a,n/a,11,n/a
de.danoeh.antennapod.adapter.NavListAdapter.NavHolder,4,3,0,0,3,1
de.danoeh.antennapod.adapter.QueueRecyclerAdapter,11,4,2,0,27,12
de.danoeh.antennapod.adapter.SelectableAdapter,16,2,1,2,33,27
de.danoeh.antennapod.adapter.SelectableAdapter.OnSelectModeListener,n/a,n/a,n/a,n/a,2,n/a
de.danoeh.antennapod.adapter.SimpleIconListAdapter,8,3,1,0,15,3
de.danoeh.antennapod.adapter.SimpleIconListAdapter.ListItem,6,1,0,1,1,1
de.danoeh.antennapod.adapter.SubscriptionsRecyclerAdapter,18,3,1,0,64,34
de.danoeh.antennapod.adapter.SubscriptionsRecyclerAdapter.GridDividerItemDecorator,2,2,2,0,7,2
de.danoeh.antennapod.adapter.SubscriptionsRecyclerAdapter.SubscriptionViewHolder,10,2,1,0,28,5
de.danoeh.antennapod.adapter.actionbutton.CancelDownloadActionButton,11,2,3,0,11,5
de.danoeh.antennapod.adapter.actionbutton.DeleteActionButton,11,2,3,0,10,7
de.danoeh.antennapod.adapter.actionbutton.DownloadActionButton,17,2,3,0,25,10
de.danoeh.antennapod.adapter.actionbutton.ItemActionButton,19,1,2,9,27,10
de.danoeh.antennapod.adapter.actionbutton.MarkAsPlayedActionButton,7,2,2,0,9,8
de.danoeh.antennapod.adapter.actionbutton.MobileDownloadHelper,11,1,1,0,21,6
de.danoeh.antennapod.adapter.actionbutton.PauseActionButton,10,2,3,0,8,6
de.danoeh.antennapod.adapter.actionbutton.PlayActionButton,12,2,3,0,14,7
de.danoeh.antennapod.adapter.actionbutton.PlayLocalActionButton,10,2,3,0,12,6
de.danoeh.antennapod.adapter.actionbutton.StreamActionButton,13,2,3,0,16,7
de.danoeh.antennapod.adapter.actionbutton.VisitWebsiteActionButton,7,2,3,0,8,6
de.danoeh.antennapod.adapter.gpodnet.PodcastListAdapter,8,3,1,0,32,4
de.danoeh.antennapod.adapter.gpodnet.PodcastListAdapter.Holder,1,1,0,0,0,0
de.danoeh.antennapod.adapter.gpodnet.TagListAdapter,6,3,1,0,14,3
de.danoeh.antennapod.adapter.gpodnet.TagListAdapter.Holder,1,1,0,0,0,0
de.danoeh.antennapod.adapter.itunes.ItunesAdapter,8,3,1,0,27,5
de.danoeh.antennapod.adapter.itunes.ItunesAdapter.PodcastViewHolder,3,1,0,0,2,1
de.danoeh.antennapod.asynctask.DocumentFileExportWorker,3,1,1,0,17,5
de.danoeh.antennapod.asynctask.ExportWorker,4,1,1,0,19,5
de.danoeh.antennapod.config.ApplicationCallbacksImpl,4,1,2,0,4,2
de.danoeh.antennapod.config.ClientConfigurator,3,1,0,0,1,1
de.danoeh.antennapod.config.DownloadServiceCallbacksImpl,9,1,1,0,14,8
de.danoeh.antennapod.core.ApplicationCallbacks,n/a,n/a,n/a,n/a,2,n/a
de.danoeh.antennapod.core.ClientConfig,32,1,1,0,12,2
de.danoeh.antennapod.core.DownloadServiceCallbacks,n/a,n/a,n/a,n/a,4,n/a
de.danoeh.antennapod.core.backup.OpmlBackupAgent,1,5,1,0,3,1
de.danoeh.antennapod.core.backup.OpmlBackupAgent.OpmlBackupHelper,11,1,1,0,43,13
de.danoeh.antennapod.core.dialog.ConfirmationDialog,9,1,1,8,17,6
de.danoeh.antennapod.core.event.DownloadEvent,17,1,2,0,6,4
de.danoeh.antennapod.core.event.DownloadLogEvent,3,1,1,0,3,3
de.danoeh.antennapod.core.event.DownloaderUpdate,14,1,0,0,9,5
de.danoeh.antennapod.core.export.CommonSymbols,3,1,0,1,0,0
de.danoeh.antennapod.core.export.ExportWriter,n/a,n/a,n/a,n/a,2,n/a
de.danoeh.antennapod.core.export.favorites.FavoritesWriter,6,1,2,0,38,13
de.danoeh.antennapod.core.export.html.HtmlWriter,4,1,2,0,13,3
de.danoeh.antennapod.core.export.opml.OpmlElement,3,1,4,0,9,9
de.danoeh.antennapod.core.export.opml.OpmlReader,5,1,1,0,21,14
de.danoeh.antennapod.core.export.opml.OpmlSymbols,3,2,0,0,1,1
de.danoeh.antennapod.core.export.opml.OpmlWriter,8,1,2,0,18,5
de.danoeh.antennapod.core.feed.ChapterMerger,2,1,1,0,16,17
de.danoeh.antennapod.core.feed.FeedEvent,3,1,0,0,6,2
de.danoeh.antennapod.core.feed.FeedEvent.Action,2,n/a,2,n/a,2,0
de.danoeh.antennapod.core.feed.FeedItemFilterGroup,5,n/a,2,n/a,4,1
de.danoeh.antennapod.core.feed.FeedItemFilterGroup.ItemProperties,2,1,0,0,1,1
de.danoeh.antennapod.core.feed.FeedUrlNotFoundException,2,4,3,0,4,4
de.danoeh.antennapod.core.feed.LocalFeedUpdater,19,1,1,0,87,29
de.danoeh.antennapod.core.feed.SubscriptionsFilter,11,1,1,0,20,26
de.danoeh.antennapod.core.feed.SubscriptionsFilterGroup,4,n/a,2,n/a,4,1
de.danoeh.antennapod.core.feed.SubscriptionsFilterGroup.ItemProperties,2,1,0,0,1,1
de.danoeh.antennapod.core.feed.util.ImageResourceUtils,11,1,2,0,11,10
de.danoeh.antennapod.core.feed.util.PlaybackSpeedUtils,13,1,1,0,10,7
de.danoeh.antennapod.core.glide.ApGlideModule,8,3,2,0,15,3
de.danoeh.antennapod.core.glide.ApGlideSettings,14,1,0,0,1,1
de.danoeh.antennapod.core.glide.ApOkHttpUrlLoader,2,1,2,0,9,3
de.danoeh.antennapod.core.glide.ApOkHttpUrlLoader.Factory,4,1,3,0,10,6
de.danoeh.antennapod.core.glide.ApOkHttpUrlLoader.NetworkAllowanceInterceptor,2,1,1,0,12,2
de.danoeh.antennapod.core.glide.AudioCoverFetcher,1,1,5,0,17,8
de.danoeh.antennapod.core.glide.ChapterImageModelLoader,3,1,2,0,5,2
de.danoeh.antennapod.core.glide.ChapterImageModelLoader.EmbeddedImageFetcher,4,1,5,0,34,8
de.danoeh.antennapod.core.glide.ChapterImageModelLoader.Factory,3,1,2,0,2,2
de.danoeh.antennapod.core.glide.FastBlurTransformation,3,2,1,0,21,20
de.danoeh.antennapod.core.glide.GenerativePlaceholderImageModelLoader,3,1,2,0,6,2
de.danoeh.antennapod.core.glide.GenerativePlaceholderImageModelLoader.EmbeddedImageFetcher,2,1,5,0,28,10
de.danoeh.antennapod.core.glide.GenerativePlaceholderImageModelLoader.Factory,2,1,2,0,2,2
de.danoeh.antennapod.core.glide.MetadataRetrieverLoader,3,1,1,0,8,3
de.danoeh.antennapod.core.glide.MetadataRetrieverLoader.Factory,2,1,2,0,4,3
de.danoeh.antennapod.core.glide.NoHttpStringLoader,1,2,1,0,5,2
de.danoeh.antennapod.core.glide.NoHttpStringLoader.StreamFactory,2,1,2,0,4,2
de.danoeh.antennapod.core.glide.PaletteBitmap,5,1,0,0,1,1
de.danoeh.antennapod.core.glide.PaletteBitmapResource,2,1,2,0,7,5
de.danoeh.antennapod.core.glide.PaletteBitmapTranscoder,4,1,1,0,7,2
de.danoeh.antennapod.core.glide.ResizingOkHttpStreamFetcher,1,2,1,0,8,15
de.danoeh.antennapod.core.menuhandler.MenuItemUtils,9,1,1,0,5,2
de.danoeh.antennapod.core.menuhandler.MenuItemUtils.UpdateRefreshMenuItemChecker,n/a,n/a,n/a,n/a,1,n/a
de.danoeh.antennapod.core.preferences.PlaybackPreferences,24,1,1,0,38,20
de.danoeh.antennapod.core.preferences.SleepTimerPreferences,5,1,1,0,23,11
de.danoeh.antennapod.core.preferences.UsageStatistics,6,1,1,0,18,5
de.danoeh.antennapod.core.preferences.UsageStatistics.StatsAction,1,1,0,0,1,1
de.danoeh.antennapod.core.preferences.UserPreferences,103,1,1,0,197,169
de.danoeh.antennapod.core.preferences.UserPreferences.BackButtonBehavior,3,n/a,2,n/a,2,0
de.danoeh.antennapod.core.preferences.UserPreferences.EnqueueLocation,9,n/a,2,n/a,2,0
de.danoeh.antennapod.core.receiver.FeedUpdateReceiver,2,2,1,0,4,1
de.danoeh.antennapod.core.receiver.MediaButtonReceiver,5,2,1,0,15,4
de.danoeh.antennapod.core.receiver.PlayerWidget,3,3,1,0,20,8
de.danoeh.antennapod.core.service.BasicAuthorizationInterceptor,5,1,1,0,30,9
de.danoeh.antennapod.core.service.FeedUpdateWorker,5,3,1,0,14,4
de.danoeh.antennapod.core.service.UserAgentInterceptor,2,1,1,0,6,1
de.danoeh.antennapod.core.service.download.AntennapodHttpClient,25,1,1,0,53,13
de.danoeh.antennapod.core.service.download.DefaultDownloaderFactory,5,1,1,0,6,2
de.danoeh.antennapod.core.service.download.DownloadRequest,30,1,7,0,48,68
de.danoeh.antennapod.core.service.download.DownloadRequest.Builder,21,1,6,0,20,12
de.danoeh.antennapod.core.service.download.DownloadRequestCreator,23,1,1,0,42,23
de.danoeh.antennapod.core.service.download.DownloadService,60,4,2,0,163,102
de.danoeh.antennapod.core.service.download.DownloadService.NotificationUpdater,4,1,1,0,4,2
de.danoeh.antennapod.core.service.download.DownloadServiceNotification,16,1,1,0,54,32
de.danoeh.antennapod.core.service.download.DownloadStatus,26,1,7,0,22,18
de.danoeh.antennapod.core.service.download.Downloader,23,1,4,3,21,8
de.danoeh.antennapod.core.service.download.DownloaderFactory,n/a,n/a,n/a,n/a,1,n/a
de.danoeh.antennapod.core.service.download.HttpDownloader,17,2,2,0,89,39
de.danoeh.antennapod.core.service.download.LocalFeedStubDownloader,3,2,1,0,3,2
de.danoeh.antennapod.core.service.download.NewEpisodesNotification,13,1,1,0,56,11
de.danoeh.antennapod.core.service.download.ProxyConfig,3,1,0,0,1,1
de.danoeh.antennapod.core.service.download.handler.FailedDownloadHandler,4,1,1,0,7,4
de.danoeh.antennapod.core.service.download.handler.FeedParserTask,14,1,1,0,43,14
de.danoeh.antennapod.core.service.download.handler.FeedSyncTask,8,1,1,0,15,6
de.danoeh.antennapod.core.service.download.handler.MediaDownloadedHandler,14,1,1,0,43,8
de.danoeh.antennapod.core.service.download.handler.PostDownloaderTask,3,1,1,0,8,4
de.danoeh.antennapod.core.service.playback.ExoPlayerWrapper,11,1,4,0,117,63
de.danoeh.antennapod.core.service.playback.LocalPSMP,26,2,3,0,177,141
de.danoeh.antennapod.core.service.playback.LocalPSMP.PlayerExecutor,1,1,1,0,6,3
de.danoeh.antennapod.core.service.playback.LocalPSMP.PlayerLock,1,1,1,0,11,10
de.danoeh.antennapod.core.service.playback.PlaybackService,71,5,1,0,386,292
de.danoeh.antennapod.core.service.playback.PlaybackService.LocalBinder,2,2,1,0,1,1
de.danoeh.antennapod.core.service.playback.PlaybackServiceNotificationBuilder,15,1,1,0,86,32
de.danoeh.antennapod.core.service.playback.PlaybackServiceStateManager,1,1,1,0,9,8
de.danoeh.antennapod.core.service.playback.PlaybackServiceTaskManager,9,1,1,0,55,31
de.danoeh.antennapod.core.service.playback.PlaybackServiceTaskManager.PSTMCallback,n/a,n/a,n/a,n/a,3,n/a
de.danoeh.antennapod.core.service.playback.PlaybackServiceTaskManager.SleepTimer,5,1,1,0,22,14
de.danoeh.antennapod.core.service.playback.PlaybackVolumeUpdater,11,1,1,0,12,6
de.danoeh.antennapod.core.service.playback.ShakeListener,1,1,3,0,14,9
de.danoeh.antennapod.core.service.playback.WearMediaSession,1,1,2,0,2,2
de.danoeh.antennapod.core.storage.APCleanupAlgorithm,10,2,2,0,34,15
de.danoeh.antennapod.core.storage.APNullCleanupAlgorithm,3,2,3,0,4,3
de.danoeh.antennapod.core.storage.APQueueCleanupAlgorithm,8,2,2,0,24,10
de.danoeh.antennapod.core.storage.AutomaticDownloadAlgorithm,17,1,1,1,39,9
de.danoeh.antennapod.core.storage.DBReader,87,1,3,0,158,100
de.danoeh.antennapod.core.storage.DBReader.MonthlyStatisticsItem,3,1,0,0,0,0
de.danoeh.antennapod.core.storage.DBReader.StatisticsResult,5,1,0,0,2,0
de.danoeh.antennapod.core.storage.DBTasks,50,1,7,0,141,59
de.danoeh.antennapod.core.storage.DBTasks.QueryTask,2,1,1,2,7,3
de.danoeh.antennapod.core.storage.DBUpgrader,4,1,1,0,23,38
de.danoeh.antennapod.core.storage.DBWriter,86,1,1,0,184,107
de.danoeh.antennapod.core.storage.DatabaseExporter,4,1,1,0,33,8
de.danoeh.antennapod.core.storage.EpisodeCleanupAlgorithm,10,1,2,4,9,5
de.danoeh.antennapod.core.storage.ExceptFavoriteCleanupAlgorithm,8,2,2,0,26,11
de.danoeh.antennapod.core.storage.FeedItemDuplicateGuesser,4,1,1,0,21,12
de.danoeh.antennapod.core.storage.FeedSearcher,5,1,2,0,9,3
de.danoeh.antennapod.core.storage.ItemEnqueuePositionCalculator,11,1,1,0,13,14
de.danoeh.antennapod.core.storage.NavDrawerData,12,1,0,0,1,1
de.danoeh.antennapod.core.storage.NavDrawerData.DrawerItem,14,1,3,2,5,3
de.danoeh.antennapod.core.storage.NavDrawerData.DrawerItem.Type,11,n/a,2,n/a,2,0
de.danoeh.antennapod.core.storage.NavDrawerData.FeedDrawerItem,11,2,2,0,5,3
de.danoeh.antennapod.core.storage.NavDrawerData.TagDrawerItem,8,2,2,0,8,4
de.danoeh.antennapod.core.storage.PodDBAdapter,48,1,2,0,223,141
de.danoeh.antennapod.core.storage.PodDBAdapter.PodDBHelper,3,2,2,0,7,3
de.danoeh.antennapod.core.storage.PodDBAdapter.PodDbErrorHandler,2,1,1,0,12,1
de.danoeh.antennapod.core.storage.StatisticsItem,9,1,0,0,1,1
de.danoeh.antennapod.core.storage.mapper.ChapterCursorMapper,7,1,1,0,10,5
de.danoeh.antennapod.core.storage.mapper.DownloadStatusCursorMapper,4,1,1,0,8,1
de.danoeh.antennapod.core.storage.mapper.FeedCursorMapper,8,1,1,0,9,1
de.danoeh.antennapod.core.storage.mapper.FeedItemCursorMapper,3,1,1,0,7,1
de.danoeh.antennapod.core.storage.mapper.FeedItemFilterQuery,2,1,1,0,11,16
de.danoeh.antennapod.core.storage.mapper.FeedMediaCursorMapper,3,1,1,0,7,5
de.danoeh.antennapod.core.storage.mapper.FeedPreferencesCursorMapper,7,1,1,0,14,2
de.danoeh.antennapod.core.sync.EpisodeActionFilter,4,1,1,0,14,14
de.danoeh.antennapod.core.sync.GuidValidator,2,1,1,0,4,1
de.danoeh.antennapod.core.sync.LockingAsyncExecutor,2,1,1,0,10,2
de.danoeh.antennapod.core.sync.SyncService,41,3,1,0,138,43
de.danoeh.antennapod.core.sync.SynchronizationCredentials,11,1,1,0,19,11
de.danoeh.antennapod.core.sync.SynchronizationProviderViewData,8,n/a,4,n/a,8,7
de.danoeh.antennapod.core.sync.SynchronizationSettings,11,1,1,0,25,14
de.danoeh.antennapod.core.sync.queue.SynchronizationQueueSink,13,1,4,0,22,12
de.danoeh.antennapod.core.sync.queue.SynchronizationQueueStorage,4,1,1,0,28,14
de.danoeh.antennapod.core.util.ChapterUtils,19,1,2,0,56,32
de.danoeh.antennapod.core.util.Converter,20,1,3,0,15,15
de.danoeh.antennapod.core.util.DateFormatter,6,1,3,0,12,7
de.danoeh.antennapod.core.util.DownloadError,13,n/a,2,n/a,6,5
de.danoeh.antennapod.core.util.DownloadErrorLabel,6,1,1,0,2,26
de.danoeh.antennapod.core.util.FeedItemPermutors,8,1,1,0,39,37
de.danoeh.antennapod.core.util.FeedItemUtil,27,1,7,0,25,19
de.danoeh.antennapod.core.util.FileNameGenerator,5,1,1,0,25,11
de.danoeh.antennapod.core.util.IntentUtils,21,1,3,0,18,6
de.danoeh.antennapod.core.util.InvalidFeedException,1,3,0,0,2,1
de.danoeh.antennapod.core.util.LongIntMap,8,1,1,0,27,40
de.danoeh.antennapod.core.util.LongList,13,1,1,0,28,46
de.danoeh.antennapod.core.util.NetworkUtils,22,1,2,0,80,39
de.danoeh.antennapod.core.util.Permutor,n/a,n/a,n/a,n/a,1,n/a
de.danoeh.antennapod.core.util.PowerUtils,1,1,1,0,5,2
de.danoeh.antennapod.core.util.ShareUtils,13,1,2,0,39,13
de.danoeh.antennapod.core.util.StorageUtils,9,1,3,0,19,9
de.danoeh.antennapod.core.util.TimeSpeedConverter,5,1,1,0,3,3
de.danoeh.antennapod.core.util.URIUtil,3,1,1,0,14,3
de.danoeh.antennapod.core.util.URLChecker,4,1,2,0,32,22
de.danoeh.antennapod.core.util.comparator.ChapterStartTimeComparator,2,1,1,0,3,1
de.danoeh.antennapod.core.util.comparator.DownloadStatusComparator,2,1,1,0,3,1
de.danoeh.antennapod.core.util.comparator.FeedItemPubdateComparator,4,1,1,0,3,4
de.danoeh.antennapod.core.util.comparator.PlaybackCompletionDateComparator,3,1,1,0,4,2
de.danoeh.antennapod.core.util.download.AutoUpdateManager,14,1,1,0,52,16
de.danoeh.antennapod.core.util.download.ConnectionStateMonitor,2,2,2,0,14,4
de.danoeh.antennapod.core.util.gui.MoreContentListFooterUtil,4,1,2,0,9,6
de.danoeh.antennapod.core.util.gui.MoreContentListFooterUtil.Listener,n/a,n/a,n/a,n/a,1,n/a
de.danoeh.antennapod.core.util.gui.NotificationUtils,9,1,1,0,28,13
de.danoeh.antennapod.core.util.gui.PictureInPictureUtil,1,1,1,0,6,5
de.danoeh.antennapod.core.util.playback.AudioPlayer,4,2,8,0,23,12
de.danoeh.antennapod.core.util.playback.IPlayer,n/a,n/a,n/a,n/a,23,n/a
de.danoeh.antennapod.core.util.playback.MediaPlayerError,4,1,1,0,3,7
de.danoeh.antennapod.core.util.playback.PlayableUtils,10,1,2,0,21,12
de.danoeh.antennapod.core.util.playback.PlaybackController,29,1,3,11,104,102
de.danoeh.antennapod.core.util.playback.PlaybackServiceStarter,10,1,1,0,9,6
de.danoeh.antennapod.core.util.playback.Timeline,8,1,3,0,51,21
de.danoeh.antennapod.core.util.playback.VideoPlayer,2,2,9,0,14,9
de.danoeh.antennapod.core.util.syndication.FeedDiscoverer,2,1,1,0,19,11
de.danoeh.antennapod.core.util.syndication.HtmlToPlainText,4,1,1,0,11,5
de.danoeh.antennapod.core.util.syndication.HtmlToPlainText.FormattingVisitor,1,1,1,0,15,11
de.danoeh.antennapod.core.widget.WidgetUpdater,21,1,1,0,53,19
de.danoeh.antennapod.core.widget.WidgetUpdater.WidgetState,8,1,0,0,2,2
de.danoeh.antennapod.core.widget.WidgetUpdaterWorker,8,3,2,0,20,5
de.danoeh.antennapod.dialog.AuthenticationDialog,5,2,2,4,21,5
de.danoeh.antennapod.dialog.ChooseDataFolderDialog,7,1,1,0,19,2
de.danoeh.antennapod.dialog.DownloadLogDetailsDialog,10,2,1,0,26,7
de.danoeh.antennapod.dialog.EpisodeFilterDialog,5,2,1,1,23,6
de.danoeh.antennapod.dialog.FeedPreferenceSkipDialog,4,2,1,1,14,1
de.danoeh.antennapod.dialog.FeedRefreshIntervalDialog,7,1,1,0,43,15
de.danoeh.antennapod.dialog.FeedSortDialog,7,1,1,0,18,2
de.danoeh.antennapod.dialog.FilterDialog,11,1,1,3,29,10
de.danoeh.antennapod.dialog.IntraFeedSortDialog,6,1,1,1,14,6
de.danoeh.antennapod.dialog.PlaybackControlsDialog,8,3,2,0,44,12
de.danoeh.antennapod.dialog.ProxyDialog,9,1,1,0,94,37
de.danoeh.antennapod.dialog.RatingDialog,5,1,1,0,34,16
de.danoeh.antennapod.dialog.RemoveFeedDialog,10,1,1,0,14,8
de.danoeh.antennapod.dialog.RenameItemDialog,17,1,1,0,31,11
de.danoeh.antennapod.dialog.ShareDialog,9,3,1,0,36,9
de.danoeh.antennapod.dialog.SkipPreferenceDialog,9,1,1,0,23,8
de.danoeh.antennapod.dialog.SkipPreferenceDialog.SkipDirection,4,n/a,2,n/a,2,0
de.danoeh.antennapod.dialog.SleepTimerDialog,11,3,1,0,63,17
de.danoeh.antennapod.dialog.StreamingConfirmationDialog,7,1,1,0,15,3
de.danoeh.antennapod.dialog.SubscriptionsFilterDialog,14,1,1,0,37,10
de.danoeh.antennapod.dialog.SwipeActionsDialog,18,1,1,0,72,21
de.danoeh.antennapod.dialog.SwipeActionsDialog.Callback,n/a,n/a,n/a,n/a,1,n/a
de.danoeh.antennapod.dialog.TagSettingsDialog,16,3,1,0,64,13
de.danoeh.antennapod.dialog.TagSettingsDialog.TagSelectionAdapter,4,2,2,0,16,4
de.danoeh.antennapod.dialog.TagSettingsDialog.TagSelectionAdapter.ViewHolder,1,2,0,0,2,1
de.danoeh.antennapod.dialog.VariableSpeedDialog,13,5,1,0,47,9
de.danoeh.antennapod.dialog.VariableSpeedDialog.SpeedSelectionAdapter,4,2,2,0,23,5
de.danoeh.antennapod.dialog.VariableSpeedDialog.SpeedSelectionAdapter.ViewHolder,1,2,0,0,2,1
de.danoeh.antennapod.discovery.CombinedSearcher,6,1,3,0,44,17
de.danoeh.antennapod.discovery.FyydPodcastSearcher,8,1,4,0,20,6
de.danoeh.antennapod.discovery.GpodnetPodcastSearcher,9,1,4,0,23,5
de.danoeh.antennapod.discovery.ItunesPodcastSearcher,6,1,3,0,41,11
de.danoeh.antennapod.discovery.ItunesTopListLoader,6,1,1,0,40,9
de.danoeh.antennapod.discovery.PodcastIndexPodcastSearcher,6,1,4,0,53,11
de.danoeh.antennapod.discovery.PodcastSearchResult,15,1,6,0,22,9
de.danoeh.antennapod.discovery.PodcastSearcher,n/a,n/a,n/a,n/a,4,n/a
de.danoeh.antennapod.discovery.PodcastSearcherRegistry,9,1,1,0,14,9
de.danoeh.antennapod.discovery.PodcastSearcherRegistry.SearcherInfo,4,1,0,0,1,1
de.danoeh.antennapod.error.CrashReportWriter,6,1,2,0,21,5
de.danoeh.antennapod.error.RxJavaErrorHandlerSetup,2,1,1,0,10,4
de.danoeh.antennapod.event.DiscoveryDefaultUpdateEvent,2,1,0,0,1,1
de.danoeh.antennapod.event.FavoritesEvent,4,1,0,0,1,1
de.danoeh.antennapod.event.FeedItemEvent,13,1,2,0,4,3
de.danoeh.antennapod.event.FeedListUpdateEvent,10,1,1,0,8,5
de.danoeh.antennapod.event.MessageEvent,5,1,0,0,2,2
de.danoeh.antennapod.event.PlayerErrorEvent,4,1,1,0,2,2
de.danoeh.antennapod.event.PlayerStatusEvent,10,1,0,0,1,1
de.danoeh.antennapod.event.QueueEvent,7,1,7,0,8,8
de.danoeh.antennapod.event.QueueEvent.Action,3,n/a,2,n/a,2,0
de.danoeh.antennapod.event.SyncServiceEvent,2,1,1,0,2,2
de.danoeh.antennapod.event.UnreadItemsUpdateEvent,16,1,0,0,1,1
de.danoeh.antennapod.event.playback.BufferUpdateEvent,4,1,2,0,7,7
de.danoeh.antennapod.event.playback.PlaybackHistoryEvent,2,1,1,0,3,3
de.danoeh.antennapod.event.playback.PlaybackPositionEvent,14,1,2,0,3,3
de.danoeh.antennapod.event.playback.PlaybackServiceEvent,6,1,0,0,1,1
de.danoeh.antennapod.event.playback.PlaybackServiceEvent.Action,6,n/a,2,n/a,2,0
de.danoeh.antennapod.event.playback.SleepTimerUpdatedEvent,7,1,3,0,10,8
de.danoeh.antennapod.event.playback.SpeedChangedEvent,4,1,1,0,2,2
de.danoeh.antennapod.event.settings.SkipIntroEndingChangedEvent,2,1,3,0,4,4
de.danoeh.antennapod.event.settings.SpeedPresetChangedEvent,2,1,2,0,3,3
de.danoeh.antennapod.event.settings.VolumeAdaptionChangedEvent,3,1,2,0,3,3
de.danoeh.antennapod.fragment.AddFeedFragment,23,2,3,0,89,20
de.danoeh.antennapod.fragment.AddFeedFragment.AddLocalFolder,1,3,1,0,3,1
de.danoeh.antennapod.fragment.AllEpisodesFragment,11,3,1,0,32,14
de.danoeh.antennapod.fragment.AudioPlayerFragment,42,2,2,0,168,76
de.danoeh.antennapod.fragment.AudioPlayerFragment.AudioPlayerPagerAdapter,3,3,2,0,5,5
de.danoeh.antennapod.fragment.ChaptersFragment,13,4,1,0,70,21
de.danoeh.antennapod.fragment.CompletedDownloadsFragment,33,2,1,0,91,34
de.danoeh.antennapod.fragment.CompletedDownloadsFragment.CompletedDownloadsListAdapter,9,4,2,0,12,5
de.danoeh.antennapod.fragment.CoverFragment,19,2,1,0,136,54
de.danoeh.antennapod.fragment.DiscoveryFragment,10,2,1,0,61,19
de.danoeh.antennapod.fragment.DownloadLogFragment,24,3,2,0,72,21
de.danoeh.antennapod.fragment.DownloadsFragment,13,3,1,0,34,9
de.danoeh.antennapod.fragment.DownloadsFragment.DownloadsPagerAdapter,3,3,2,0,4,5
de.danoeh.antennapod.fragment.EpisodesFragment,16,3,2,0,33,9
de.danoeh.antennapod.fragment.EpisodesFragment.EpisodesPagerAdapter,4,3,2,0,4,6
de.danoeh.antennapod.fragment.EpisodesListFragment,34,2,3,3,117,58
de.danoeh.antennapod.fragment.ExternalPlayerFragment,18,2,1,0,76,29
de.danoeh.antennapod.fragment.FavoriteEpisodesFragment,14,3,4,0,20,10
de.danoeh.antennapod.fragment.FeedInfoFragment,26,2,1,0,125,25
de.danoeh.antennapod.fragment.FeedInfoFragment.AddLocalFolder,1,3,1,0,3,1
de.danoeh.antennapod.fragment.FeedItemlistFragment,69,2,1,0,213,87
de.danoeh.antennapod.fragment.FeedItemlistFragment.FeedItemListAdapter,7,4,2,0,9,4
de.danoeh.antennapod.fragment.FeedSettingsFragment,8,2,1,0,33,5
de.danoeh.antennapod.fragment.FeedSettingsFragment.FeedSettingsPreferenceFragment,19,3,2,0,97,43
de.danoeh.antennapod.fragment.ItemDescriptionFragment,11,2,1,0,65,23
de.danoeh.antennapod.fragment.ItemFragment,50,2,1,0,156,51
de.danoeh.antennapod.fragment.ItemPagerFragment,13,2,1,0,59,18
de.danoeh.antennapod.fragment.ItemPagerFragment.ItemPagerAdapter,3,3,1,0,5,3
de.danoeh.antennapod.fragment.NavDrawerFragment,40,2,2,0,98,65
de.danoeh.antennapod.fragment.NewEpisodesFragment,10,3,5,0,17,8
de.danoeh.antennapod.fragment.OnlineSearchFragment,14,2,1,0,68,27
de.danoeh.antennapod.fragment.PlaybackHistoryFragment,29,2,3,0,89,37
de.danoeh.antennapod.fragment.PlaybackHistoryFragment.PlaybackHistoryListAdapter,4,4,1,0,4,2
de.danoeh.antennapod.fragment.QueueFragment,54,2,1,0,178,97
de.danoeh.antennapod.fragment.QueueFragment.QueueSwipeActions,3,4,3,0,17,10
de.danoeh.antennapod.fragment.QuickFeedDiscoveryFragment,11,2,1,0,49,11
de.danoeh.antennapod.fragment.SearchFragment,29,2,2,0,114,46
de.danoeh.antennapod.fragment.SubscriptionFragment,45,2,1,0,144,54
de.danoeh.antennapod.fragment.TransitionEffect,3,n/a,2,n/a,2,0
de.danoeh.antennapod.fragment.actions.EpisodeMultiSelectActionHandler,18,1,1,0,36,23
de.danoeh.antennapod.fragment.actions.FeedMultiSelectActionHandler,19,1,1,0,53,25
de.danoeh.antennapod.fragment.gpodnet.GpodnetMainFragment,10,2,1,0,21,7
de.danoeh.antennapod.fragment.gpodnet.GpodnetMainFragment.GpodnetPagerAdapter,3,3,2,0,4,5
de.danoeh.antennapod.fragment.gpodnet.PodcastListFragment,14,2,1,2,42,5
de.danoeh.antennapod.fragment.gpodnet.PodcastTopListFragment,5,3,1,0,2,1
de.danoeh.antennapod.fragment.gpodnet.TagFragment,6,3,2,0,11,4
de.danoeh.antennapod.fragment.gpodnet.TagListFragment,8,3,1,0,36,5
de.danoeh.antennapod.fragment.preferences.AutoDownloadPreferencesFragment,8,3,2,0,58,32
de.danoeh.antennapod.fragment.preferences.ImportExportPreferencesFragment,14,3,3,0,98,27
de.danoeh.antennapod.fragment.preferences.ImportExportPreferencesFragment.BackupDatabase,1,3,1,0,4,1
de.danoeh.antennapod.fragment.preferences.MainPreferencesFragment,9,3,2,0,42,6
de.danoeh.antennapod.fragment.preferences.NetworkPreferencesFragment,9,3,3,0,45,12
de.danoeh.antennapod.fragment.preferences.NotificationPreferencesFragment,5,3,2,0,11,3
de.danoeh.antennapod.fragment.preferences.PlaybackPreferencesFragment,13,3,2,0,36,12
de.danoeh.antennapod.fragment.preferences.StoragePreferencesFragment,6,3,2,0,20,6
de.danoeh.antennapod.fragment.preferences.SwipePreferencesFragment,8,3,2,0,12,2
de.danoeh.antennapod.fragment.preferences.UserInterfacePreferencesFragment,12,3,2,0,53,15
de.danoeh.antennapod.fragment.preferences.about.AboutFragment,9,3,2,0,25,2
de.danoeh.antennapod.fragment.preferences.about.ContributorsPagerFragment,7,2,2,0,16,6
de.danoeh.antennapod.fragment.preferences.about.ContributorsPagerFragment.StatisticsPagerAdapter,4,3,2,0,4,6
de.danoeh.antennapod.fragment.preferences.about.DevelopersFragment,3,3,1,0,30,4
de.danoeh.antennapod.fragment.preferences.about.LicensesFragment,8,3,2,0,57,10
de.danoeh.antennapod.fragment.preferences.about.LicensesFragment.LicenseItem,2,2,0,0,2,1
de.danoeh.antennapod.fragment.preferences.about.SpecialThanksFragment,3,3,1,0,30,4
de.danoeh.antennapod.fragment.preferences.about.TranslatorsFragment,3,3,1,0,30,4
de.danoeh.antennapod.fragment.preferences.dialog.PreferenceListDialog,4,1,1,0,11,4
de.danoeh.antennapod.fragment.preferences.dialog.PreferenceListDialog.OnPreferenceChangedListener,n/a,n/a,n/a,n/a,1,n/a
de.danoeh.antennapod.fragment.preferences.dialog.PreferenceSwitchDialog,6,1,1,0,16,4
de.danoeh.antennapod.fragment.preferences.dialog.PreferenceSwitchDialog.OnPreferenceChangedListener,n/a,n/a,n/a,n/a,1,n/a
de.danoeh.antennapod.fragment.preferences.synchronization.GpodderAuthenticationFragment,15,3,1,0,87,30
de.danoeh.antennapod.fragment.preferences.synchronization.NextcloudAuthenticationFragment,11,3,2,0,35,8
de.danoeh.antennapod.fragment.preferences.synchronization.SynchronizationPreferencesFragment,16,3,2,0,67,21
de.danoeh.antennapod.fragment.swipeactions.AddToQueueSwipeAction,10,1,6,0,11,7
de.danoeh.antennapod.fragment.swipeactions.MarkFavoriteSwipeAction,9,1,6,0,8,6
de.danoeh.antennapod.fragment.swipeactions.MarkPlayedSwipeAction,9,1,5,0,9,7
de.danoeh.antennapod.fragment.swipeactions.RemoveFromInboxSwipeAction,9,1,5,0,9,7
de.danoeh.antennapod.fragment.swipeactions.RemoveFromQueueSwipeAction,15,1,5,0,18,7
de.danoeh.antennapod.fragment.swipeactions.ShowFirstSwipeDialogAction,7,1,6,0,6,6
de.danoeh.antennapod.fragment.swipeactions.StartDownloadSwipeAction,10,1,6,0,13,7
de.danoeh.antennapod.fragment.swipeactions.SwipeAction,n/a,n/a,n/a,n/a,6,n/a
de.danoeh.antennapod.fragment.swipeactions.SwipeActions,22,3,3,1,60,36
de.danoeh.antennapod.fragment.swipeactions.SwipeActions.Actions,4,1,1,0,8,3
de.danoeh.antennapod.menuhandler.FeedItemMenuHandler,33,1,1,0,62,38
de.danoeh.antennapod.menuhandler.FeedMenuHandler,15,1,1,0,25,19
de.danoeh.antennapod.model.feed.Chapter,25,2,5,3,14,12
de.danoeh.antennapod.model.feed.EmbeddedChapterImage,10,1,5,0,22,13
de.danoeh.antennapod.model.feed.Feed,119,3,10,0,76,95
de.danoeh.antennapod.model.feed.FeedComponent,78,1,4,3,9,9
de.danoeh.antennapod.model.feed.FeedFile,59,2,3,3,18,15
de.danoeh.antennapod.model.feed.FeedFilter,9,1,1,0,29,23
de.danoeh.antennapod.model.feed.FeedFunding,11,1,1,0,20,18
de.danoeh.antennapod.model.feed.FeedItem,124,2,3,0,70,80
de.danoeh.antennapod.model.feed.FeedItem.State,0,n/a,2,n/a,2,0
de.danoeh.antennapod.model.feed.FeedItemFilter,21,1,3,0,10,6
de.danoeh.antennapod.model.feed.FeedMedia,88,3,6,0,106,94
de.danoeh.antennapod.model.feed.FeedPreferences,32,1,12,0,36,35
de.danoeh.antennapod.model.feed.FeedPreferences.AutoDeleteAction,9,n/a,2,n/a,2,0
de.danoeh.antennapod.model.feed.SortOrder,15,n/a,2,n/a,11,10
de.danoeh.antennapod.model.feed.SortOrder.Scope,3,n/a,2,n/a,2,0
de.danoeh.antennapod.model.feed.VolumeAdaptionSetting,12,n/a,3,n/a,7,6
de.danoeh.antennapod.model.playback.MediaType,22,n/a,3,n/a,8,5
de.danoeh.antennapod.model.playback.Playable,n/a,n/a,n/a,n/a,24,n/a
de.danoeh.antennapod.model.playback.RemoteMedia,10,1,10,0,65,48
de.danoeh.antennapod.net.ssl.BackportCaCerts,1,1,0,0,0,0
de.danoeh.antennapod.net.ssl.BackportTrustManager,3,1,1,0,22,4
de.danoeh.antennapod.net.ssl.CompositeX509TrustManager,1,1,1,0,11,7
de.danoeh.antennapod.net.ssl.NoV1SslSocketFactory,1,3,1,0,23,12
de.danoeh.antennapod.net.ssl.SslClientSetup,3,1,1,0,13,3
de.danoeh.antennapod.net.ssl.SslProviderInstaller,1,1,1,0,3,1
de.danoeh.antennapod.net.sync.HostnameParser,3,1,0,0,7,6
de.danoeh.antennapod.net.sync.gpoddernet.GpodnetService,25,1,2,0,95,52
de.danoeh.antennapod.net.sync.gpoddernet.GpodnetServiceAuthenticationException,2,5,0,0,2,1
de.danoeh.antennapod.net.sync.gpoddernet.GpodnetServiceBadStatusCodeException,2,5,0,0,2,1
de.danoeh.antennapod.net.sync.gpoddernet.GpodnetServiceException,9,4,0,2,4,2
de.danoeh.antennapod.net.sync.gpoddernet.mapper.ResponseMapper,5,1,2,0,14,6
de.danoeh.antennapod.net.sync.gpoddernet.model.GpodnetDevice,4,1,4,0,7,6
de.danoeh.antennapod.net.sync.gpoddernet.model.GpodnetDevice.DeviceType,4,n/a,3,n/a,6,8
de.danoeh.antennapod.net.sync.gpoddernet.model.GpodnetEpisodeActionPostResponse,2,2,1,0,13,4
de.danoeh.antennapod.net.sync.gpoddernet.model.GpodnetPodcast,7,1,8,0,10,10
de.danoeh.antennapod.net.sync.gpoddernet.model.GpodnetTag,5,1,2,0,12,10
de.danoeh.antennapod.net.sync.gpoddernet.model.GpodnetUploadChangesResponse,3,2,1,0,12,4
de.danoeh.antennapod.net.sync.model.EpisodeAction,16,1,1,0,45,28
de.danoeh.antennapod.net.sync.model.EpisodeAction.Action,4,n/a,2,n/a,2,0
de.danoeh.antennapod.net.sync.model.EpisodeAction.Builder,11,1,4,0,15,12
de.danoeh.antennapod.net.sync.model.EpisodeActionChanges,6,1,2,0,4,4
de.danoeh.antennapod.net.sync.model.ISyncService,n/a,n/a,n/a,n/a,6,n/a
de.danoeh.antennapod.net.sync.model.SubscriptionChanges,5,1,3,0,6,5
de.danoeh.antennapod.net.sync.model.SyncServiceException,6,3,0,2,4,2
de.danoeh.antennapod.net.sync.model.UploadChangesResponse,7,1,0,3,1,1
de.danoeh.antennapod.net.sync.nextcloud.NextcloudLoginFlow,3,1,1,0,41,8
de.danoeh.antennapod.net.sync.nextcloud.NextcloudLoginFlow.AuthenticationCallback,n/a,n/a,n/a,n/a,2,n/a
de.danoeh.antennapod.net.sync.nextcloud.NextcloudSyncService,12,1,3,0,53,14
de.danoeh.antennapod.net.sync.nextcloud.NextcloudSyncService.NextcloudGpodderEpisodeActionPostResponse,2,2,0,0,2,1
de.danoeh.antennapod.net.sync.nextcloud.NextcloudSynchronizationServiceException,2,4,0,0,2,1
de.danoeh.antennapod.parser.feed.FeedHandler,11,1,1,0,13,1
de.danoeh.antennapod.parser.feed.FeedHandlerResult,5,1,0,0,1,1
de.danoeh.antennapod.parser.feed.HandlerState,15,1,8,0,21,14
de.danoeh.antennapod.parser.feed.SyndHandler,15,2,1,0,31,27
de.danoeh.antennapod.parser.feed.UnsupportedFeedtypeException,5,3,2,0,7,8
de.danoeh.antennapod.parser.feed.element.AtomText,5,2,1,0,7,6
de.danoeh.antennapod.parser.feed.element.SimpleChapter,4,3,1,0,3,2
de.danoeh.antennapod.parser.feed.element.SyndElement,12,1,2,1,3,3
de.danoeh.antennapod.parser.feed.namespace.Atom,15,2,1,0,60,43
de.danoeh.antennapod.parser.feed.namespace.Content,5,2,2,0,8,3
de.danoeh.antennapod.parser.feed.namespace.DublinCore,6,2,2,0,14,4
de.danoeh.antennapod.parser.feed.namespace.Itunes,9,2,2,0,26,15
de.danoeh.antennapod.parser.feed.namespace.Media,9,2,1,0,26,19
de.danoeh.antennapod.parser.feed.namespace.Namespace,12,1,2,8,2,0
de.danoeh.antennapod.parser.feed.namespace.PodcastIndex,7,2,1,0,14,5
de.danoeh.antennapod.parser.feed.namespace.Rss20,12,2,1,0,53,28
de.danoeh.antennapod.parser.feed.namespace.SimpleChapters,8,2,2,0,13,5
de.danoeh.antennapod.parser.feed.util.DateUtils,8,1,2,0,34,18
de.danoeh.antennapod.parser.feed.util.DurationParser,3,1,1,0,10,7
de.danoeh.antennapod.parser.feed.util.MimeTypeUtils,4,1,2,0,13,13
de.danoeh.antennapod.parser.feed.util.SyndStringUtils,2,1,1,0,3,2
de.danoeh.antennapod.parser.feed.util.TypeGetter,6,1,1,0,24,14
de.danoeh.antennapod.parser.feed.util.TypeGetter.Type,4,n/a,2,n/a,2,0
de.danoeh.antennapod.parser.media.id3.ChapterReader,9,2,1,0,33,14
de.danoeh.antennapod.parser.media.id3.ID3Chapter,4,3,1,0,9,4
de.danoeh.antennapod.parser.media.id3.ID3Reader,8,1,1,1,38,34
de.danoeh.antennapod.parser.media.id3.ID3ReaderException,5,3,0,0,2,1
de.danoeh.antennapod.parser.media.id3.model.FrameHeader,5,2,0,0,5,2
de.danoeh.antennapod.parser.media.id3.model.Header,5,1,2,2,5,4
de.danoeh.antennapod.parser.media.id3.model.TagHeader,3,2,1,0,4,3
de.danoeh.antennapod.parser.media.vorbis.VorbisCommentChapter,6,3,4,0,25,12
de.danoeh.antennapod.parser.media.vorbis.VorbisCommentChapterReader,7,2,3,0,27,19
de.danoeh.antennapod.parser.media.vorbis.VorbisCommentHeader,2,1,2,0,5,4
de.danoeh.antennapod.parser.media.vorbis.VorbisCommentReader,6,1,1,1,37,26
de.danoeh.antennapod.parser.media.vorbis.VorbisCommentReaderException,5,3,0,0,4,2
de.danoeh.antennapod.playback.base.PlaybackServiceMediaPlayer,12,1,28,1,56,16
de.danoeh.antennapod.playback.base.PlaybackServiceMediaPlayer.PSMPCallback,n/a,n/a,n/a,n/a,10,n/a
de.danoeh.antennapod.playback.base.PlaybackServiceMediaPlayer.PSMPInfo,9,1,0,0,1,1
de.danoeh.antennapod.playback.base.PlayerStatus,18,n/a,3,n/a,4,2
de.danoeh.antennapod.playback.base.RewindAfterPauseUtils,2,1,1,0,5,6
de.danoeh.antennapod.playback.cast.CastEnabledActivity,3,9,1,2,1,1
de.danoeh.antennapod.playback.cast.CastPsmp,3,1,1,0,1,1
de.danoeh.antennapod.playback.cast.CastStateListener,1,1,2,1,3,3
de.danoeh.antennapod.preferences.MasterSwitchPreference,2,4,1,0,18,6
de.danoeh.antennapod.preferences.NumberPickerPreference,3,2,1,0,43,13
de.danoeh.antennapod.preferences.PreferenceUpgrader,10,1,1,0,27,22
de.danoeh.antennapod.receiver.ConnectivityActionReceiver,2,2,1,0,6,2
de.danoeh.antennapod.receiver.PowerConnectionReceiver,4,2,1,0,8,3
de.danoeh.antennapod.receiver.SPAReceiver,8,2,1,0,15,5
de.danoeh.antennapod.spa.SPAUtil,2,1,1,0,12,5
de.danoeh.antennapod.ui.appstartintent.MainActivityStarter,6,1,1,0,11,6
de.danoeh.antennapod.ui.appstartintent.VideoPlayerActivityStarter,4,1,1,0,10,6
de.danoeh.antennapod.ui.common.CircularProgressBar,7,2,1,0,29,11
de.danoeh.antennapod.ui.common.PagedToolbarFragment,6,2,1,3,11,6
de.danoeh.antennapod.ui.common.PlaybackSpeedIndicatorView,3,2,1,0,42,9
de.danoeh.antennapod.ui.common.RecursiveRadioGroup,2,4,1,0,16,13
de.danoeh.antennapod.ui.common.SquareImageView,3,4,1,0,18,9
de.danoeh.antennapod.ui.common.ThemeUtils,10,1,1,0,7,4
de.danoeh.antennapod.ui.common.WrappingGridView,0,6,1,0,10,5
de.danoeh.antennapod.ui.statistics.PieChartView,4,4,2,0,14,6
de.danoeh.antennapod.ui.statistics.PieChartView.PieChartData,6,1,1,0,5,8
de.danoeh.antennapod.ui.statistics.PieChartView.PieChartDrawable,3,2,4,0,20,9
de.danoeh.antennapod.ui.statistics.StatisticsFragment,9,3,1,0,17,5
de.danoeh.antennapod.ui.statistics.StatisticsFragment.StatisticsPagerAdapter,4,3,2,0,4,6
de.danoeh.antennapod.ui.statistics.StatisticsListAdapter,14,2,1,2,33,9
de.danoeh.antennapod.ui.statistics.StatisticsListAdapter.HeaderHolder,4,2,0,0,3,1
de.danoeh.antennapod.ui.statistics.StatisticsListAdapter.StatisticsHolder,5,2,0,0,3,1
de.danoeh.antennapod.ui.statistics.downloads.DownloadStatisticsFragment,9,2,2,0,31,6
de.danoeh.antennapod.ui.statistics.downloads.DownloadStatisticsListAdapter,7,3,1,0,15,6
de.danoeh.antennapod.ui.statistics.feed.FeedStatisticsDialogFragment,5,3,1,0,22,3
de.danoeh.antennapod.ui.statistics.feed.FeedStatisticsFragment,8,2,1,0,37,11
de.danoeh.antennapod.ui.statistics.subscriptions.PlaybackStatisticsListAdapter,11,3,1,0,27,8
de.danoeh.antennapod.ui.statistics.subscriptions.SubscriptionStatisticsFragment,14,2,1,0,97,27
de.danoeh.antennapod.ui.statistics.years.LineChartView,4,4,1,0,10,5
de.danoeh.antennapod.ui.statistics.years.LineChartView.LineChartData,3,1,1,0,3,3
de.danoeh.antennapod.ui.statistics.years.LineChartView.LineChartDrawable,6,2,4,0,27,8
de.danoeh.antennapod.ui.statistics.years.YearStatisticsListAdapter,10,2,1,0,27,14
de.danoeh.antennapod.ui.statistics.years.YearStatisticsListAdapter.HeaderHolder,4,2,0,0,3,1
de.danoeh.antennapod.ui.statistics.years.YearStatisticsListAdapter.StatisticsHolder,3,2,0,0,3,1
de.danoeh.antennapod.ui.statistics.years.YearsStatisticsFragment,7,2,2,0,30,8
de.danoeh.antennapod.view.AspectRatioVideoView,1,4,1,0,16,9
de.danoeh.antennapod.view.ChapterSeekBar,5,6,1,0,45,19
de.danoeh.antennapod.view.EmptyViewHandler,13,1,3,0,35,26
de.danoeh.antennapod.view.EpisodeItemListRecyclerView,9,4,2,0,38,10
de.danoeh.antennapod.view.ItemOffsetDecoration,2,2,1,0,6,2
de.danoeh.antennapod.view.LockableBottomSheetBehavior,3,4,1,0,16,15
de.danoeh.antennapod.view.NestedScrollableHost,2,4,1,0,34,27
de.danoeh.antennapod.view.PlayButton,6,5,1,0,16,12
de.danoeh.antennapod.view.PlaybackSpeedSeekBar,6,4,1,0,20,12
de.danoeh.antennapod.view.ShownotesWebView,11,5,2,0,62,29
de.danoeh.antennapod.view.SimpleAdapterDataObserver,1,2,1,1,7,6
de.danoeh.antennapod.view.ToolbarIconTintManager,4,1,1,2,13,7
de.danoeh.antennapod.view.viewholder.DownloadLogItemViewHolder,5,2,0,0,7,2
de.danoeh.antennapod.view.viewholder.EpisodeItemViewHolder,39,2,1,0,77,30

