Class count metrics,Mon., 28 Feb. 2022 12:38:49 EST
Package,C,C(rec),Cp,Cp(rec),Ct,TC(rec)
,n/a,638,n/a,638,n/a,0
com,n/a,1,n/a,1,n/a,0
com.google,n/a,1,n/a,1,n/a,0
com.google.android,n/a,1,n/a,1,n/a,0
com.google.android.material,n/a,1,n/a,1,n/a,0
com.google.android.material.bottomsheet,1,1,1,1,0,0
de,n/a,637,n/a,637,n/a,0
de.danoeh,n/a,637,n/a,637,n/a,0
de.danoeh.antennapod,1,637,1,637,0,0
de.danoeh.antennapod.activity,23,23,23,23,0,0
de.danoeh.antennapod.adapter,31,48,31,48,0,0
de.danoeh.antennapod.adapter.actionbutton,11,11,11,11,0,0
de.danoeh.antennapod.adapter.gpodnet,4,4,4,4,0,0
de.danoeh.antennapod.adapter.itunes,2,2,2,2,0,0
de.danoeh.antennapod.asynctask,2,2,2,2,0,0
de.danoeh.antennapod.config,3,3,3,3,0,0
de.danoeh.antennapod.core,3,206,3,206,0,0
de.danoeh.antennapod.core.backup,2,2,2,2,0,0
de.danoeh.antennapod.core.dialog,1,1,1,1,0,0
de.danoeh.antennapod.core.event,3,3,3,3,0,0
de.danoeh.antennapod.core.export,2,8,2,8,0,0
de.danoeh.antennapod.core.export.favorites,1,1,1,1,0,0
de.danoeh.antennapod.core.export.html,1,1,1,1,0,0
de.danoeh.antennapod.core.export.opml,4,4,4,4,0,0
de.danoeh.antennapod.core.feed,10,12,10,12,0,0
de.danoeh.antennapod.core.feed.util,2,2,2,2,0,0
de.danoeh.antennapod.core.glide,22,22,22,22,0,0
de.danoeh.antennapod.core.menuhandler,2,2,2,2,0,0
de.danoeh.antennapod.core.preferences,7,7,7,7,0,0
de.danoeh.antennapod.core.receiver,3,3,3,3,0,0
de.danoeh.antennapod.core.service,3,52,3,52,0,0
de.danoeh.antennapod.core.service.download,17,22,17,22,0,0
de.danoeh.antennapod.core.service.download.handler,5,5,5,5,0,0
de.danoeh.antennapod.core.service.playback,27,27,27,27,0,0
de.danoeh.antennapod.core.storage,28,35,28,35,0,0
de.danoeh.antennapod.core.storage.mapper,7,7,7,7,0,0
de.danoeh.antennapod.core.sync,7,9,7,9,0,0
de.danoeh.antennapod.core.sync.queue,2,2,2,2,0,0
de.danoeh.antennapod.core.util,20,44,20,44,0,0
de.danoeh.antennapod.core.util.comparator,4,4,4,4,0,0
de.danoeh.antennapod.core.util.download,2,2,2,2,0,0
de.danoeh.antennapod.core.util.gui,4,4,4,4,0,0
de.danoeh.antennapod.core.util.playback,11,11,11,11,0,0
de.danoeh.antennapod.core.util.syndication,3,3,3,3,0,0
de.danoeh.antennapod.core.widget,3,3,3,3,0,0
de.danoeh.antennapod.dialog,35,35,35,35,0,0
de.danoeh.antennapod.discovery,10,10,10,10,0,0
de.danoeh.antennapod.error,2,2,2,2,0,0
de.danoeh.antennapod.event,11,21,11,21,0,0
de.danoeh.antennapod.event.playback,7,7,7,7,0,0
de.danoeh.antennapod.event.settings,3,3,3,3,0,0
de.danoeh.antennapod.fragment,78,126,78,126,0,0
de.danoeh.antennapod.fragment.actions,3,3,3,3,0,0
de.danoeh.antennapod.fragment.gpodnet,7,7,7,7,0,0
de.danoeh.antennapod.fragment.preferences,10,28,10,28,0,0
de.danoeh.antennapod.fragment.preferences.about,8,8,8,8,0,0
de.danoeh.antennapod.fragment.preferences.dialog,4,4,4,4,0,0
de.danoeh.antennapod.fragment.preferences.synchronization,6,6,6,6,0,0
de.danoeh.antennapod.fragment.swipeactions,10,10,10,10,0,0
de.danoeh.antennapod.menuhandler,5,5,5,5,0,0
de.danoeh.antennapod.model,n/a,21,n/a,21,n/a,0
de.danoeh.antennapod.model.feed,17,17,17,17,0,0
de.danoeh.antennapod.model.playback,4,4,4,4,0,0
de.danoeh.antennapod.net,n/a,32,n/a,32,n/a,0
de.danoeh.antennapod.net.ssl,6,6,6,6,0,0
de.danoeh.antennapod.net.sync,1,26,1,26,0,0
de.danoeh.antennapod.net.sync.gpoddernet,4,12,4,12,0,0
de.danoeh.antennapod.net.sync.gpoddernet.mapper,1,1,1,1,0,0
de.danoeh.antennapod.net.sync.gpoddernet.model,7,7,7,7,0,0
de.danoeh.antennapod.net.sync.model,8,8,8,8,0,0
de.danoeh.antennapod.net.sync.nextcloud,5,5,5,5,0,0
de.danoeh.antennapod.parser,n/a,35,n/a,35,n/a,0
de.danoeh.antennapod.parser.feed,5,23,5,23,0,0
de.danoeh.antennapod.parser.feed.element,3,3,3,3,0,0
de.danoeh.antennapod.parser.feed.namespace,9,9,9,9,0,0
de.danoeh.antennapod.parser.feed.util,6,6,6,6,0,0
de.danoeh.antennapod.parser.media,n/a,12,n/a,12,n/a,0
de.danoeh.antennapod.parser.media.id3,4,7,4,7,0,0
de.danoeh.antennapod.parser.media.id3.model,3,3,3,3,0,0
de.danoeh.antennapod.parser.media.vorbis,5,5,5,5,0,0
de.danoeh.antennapod.playback,n/a,8,n/a,8,n/a,0
de.danoeh.antennapod.playback.base,5,5,5,5,0,0
de.danoeh.antennapod.playback.cast,3,3,3,3,0,0
de.danoeh.antennapod.preferences,3,3,3,3,0,0
de.danoeh.antennapod.receiver,3,3,3,3,0,0
de.danoeh.antennapod.spa,1,1,1,1,0,0
de.danoeh.antennapod.ui,n/a,32,n/a,32,n/a,0
de.danoeh.antennapod.ui.appstartintent,2,2,2,2,0,0
de.danoeh.antennapod.ui.common,8,8,8,8,0,0
de.danoeh.antennapod.ui.statistics,8,22,8,22,0,0
de.danoeh.antennapod.ui.statistics.downloads,2,2,2,2,0,0
de.danoeh.antennapod.ui.statistics.feed,2,2,2,2,0,0
de.danoeh.antennapod.ui.statistics.subscriptions,3,3,3,3,0,0
de.danoeh.antennapod.ui.statistics.years,7,7,7,7,0,0
de.danoeh.antennapod.view,18,20,18,20,0,0
de.danoeh.antennapod.view.viewholder,2,2,2,2,0,0

Module,C,Cp,Ct
AntennaPod.app,283,283,0
AntennaPod.core,206,206,0
AntennaPod.event,21,21,0
AntennaPod.model,21,21,0
AntennaPod.net.ssl,6,6,0
AntennaPod.net.sync.gpoddernet,18,18,0
AntennaPod.net.sync.model,8,8,0
AntennaPod.parser.feed,23,23,0
AntennaPod.parser.media,12,12,0
AntennaPod.playback.base,5,5,0
AntennaPod.playback.cast,3,3,0
AntennaPod.ui.app-start-intent,2,2,0
AntennaPod.ui.common,8,8,0
AntennaPod.ui.statistics,22,22,0

Project,C,Cp,Ct
project,638,638,0

