Dependency metrics,Mon., 28 Feb. 2022 12:41:31 EST
Class,Cyclic,Dcy,Dcy*,Dpt,Dpt*,PDcy,PDpt
com.google.android.material.bottomsheet.ViewPagerBottomSheetBehavior,0,0,0,0,0,0,0
de.danoeh.antennapod.PodcastApp,0,0,0,0,0,0,0
de.danoeh.antennapod.activity.BugReportActivity,0,7,7,0,0,0,0
de.danoeh.antennapod.activity.DownloadAuthenticationActivity,0,2,2,0,0,0,0
de.danoeh.antennapod.activity.MainActivity,0,8,8,0,0,0,0
de.danoeh.antennapod.activity.OnlineFeedViewActivity,1,7,7,1,1,1,1
de.danoeh.antennapod.activity.OnlineFeedViewActivity.FeedViewAuthenticationDialog,1,1,7,1,1,1,1
de.danoeh.antennapod.activity.OpmlImportActivity,0,5,5,0,0,0,0
de.danoeh.antennapod.activity.PreferenceActivity,0,5,5,0,0,0,0
de.danoeh.antennapod.activity.SelectSubscriptionActivity,0,5,5,0,0,0,0
de.danoeh.antennapod.activity.SplashActivity,0,3,3,0,0,0,0
de.danoeh.antennapod.activity.StorageErrorActivity,0,3,3,0,0,0,0
de.danoeh.antennapod.activity.VideoplayerActivity,0,8,8,0,0,0,0
de.danoeh.antennapod.activity.WidgetConfigActivity,0,4,4,0,0,0,0
de.danoeh.antennapod.adapter.ChaptersListAdapter,0,7,8,0,0,1,0
de.danoeh.antennapod.adapter.ChaptersListAdapter.ChapterHolder,0,2,2,1,1,0,1
de.danoeh.antennapod.adapter.CoverLoader,0,1,3,0,0,1,0
de.danoeh.antennapod.adapter.CoverLoader.CoverTarget,0,2,2,1,1,0,1
de.danoeh.antennapod.adapter.DataFolderAdapter,0,6,7,0,0,1,0
de.danoeh.antennapod.adapter.DataFolderAdapter.StoragePath,0,0,0,1,1,0,1
de.danoeh.antennapod.adapter.DataFolderAdapter.ViewHolder,0,2,2,1,1,0,1
de.danoeh.antennapod.adapter.DownloadLogAdapter,0,5,5,0,0,0,0
de.danoeh.antennapod.adapter.EpisodeItemListAdapter,0,3,3,0,0,0,0
de.danoeh.antennapod.adapter.FeedDiscoverAdapter,0,5,5,0,0,1,0
de.danoeh.antennapod.adapter.FeedDiscoverAdapter.Holder,0,0,0,1,1,0,1
de.danoeh.antennapod.adapter.FeedItemlistDescriptionAdapter,0,5,5,0,0,1,0
de.danoeh.antennapod.adapter.FeedItemlistDescriptionAdapter.Holder,0,0,0,1,1,0,1
de.danoeh.antennapod.adapter.FeedSearchResultAdapter,0,4,5,0,0,1,0
de.danoeh.antennapod.adapter.FeedSearchResultAdapter.Holder,0,2,2,1,1,0,1
de.danoeh.antennapod.adapter.NavListAdapter,0,14,14,0,0,1,0
de.danoeh.antennapod.adapter.NavListAdapter.DividerHolder,0,3,3,1,1,1,1
de.danoeh.antennapod.adapter.NavListAdapter.FeedHolder,0,3,3,1,1,1,1
de.danoeh.antennapod.adapter.NavListAdapter.Holder,0,0,0,4,4,0,1
de.danoeh.antennapod.adapter.NavListAdapter.NavHolder,0,3,3,1,1,1,1
de.danoeh.antennapod.adapter.QueueRecyclerAdapter,0,3,3,0,0,0,0
de.danoeh.antennapod.adapter.SelectableAdapter,0,7,7,0,0,1,0
de.danoeh.antennapod.adapter.SimpleIconListAdapter,0,4,4,0,0,1,0
de.danoeh.antennapod.adapter.SimpleIconListAdapter.ListItem,0,0,0,1,1,0,1
de.danoeh.antennapod.adapter.SubscriptionsRecyclerAdapter,1,6,7,2,2,1,1
de.danoeh.antennapod.adapter.SubscriptionsRecyclerAdapter.GridDividerItemDecorator,0,1,8,0,0,1,0
de.danoeh.antennapod.adapter.SubscriptionsRecyclerAdapter.SubscriptionViewHolder,1,4,7,1,2,1,1
de.danoeh.antennapod.adapter.actionbutton.CancelDownloadActionButton,0,3,3,0,0,0,0
de.danoeh.antennapod.adapter.actionbutton.DeleteActionButton,0,3,3,0,0,0,0
de.danoeh.antennapod.adapter.actionbutton.DownloadActionButton,0,3,3,0,0,0,0
de.danoeh.antennapod.adapter.actionbutton.ItemActionButton,0,0,0,0,0,0,0
de.danoeh.antennapod.adapter.actionbutton.MarkAsPlayedActionButton,0,3,3,0,0,0,0
de.danoeh.antennapod.adapter.actionbutton.MobileDownloadHelper,0,2,2,0,0,0,0
de.danoeh.antennapod.adapter.actionbutton.PauseActionButton,0,3,3,0,0,0,0
de.danoeh.antennapod.adapter.actionbutton.PlayActionButton,0,3,3,0,0,0,0
de.danoeh.antennapod.adapter.actionbutton.PlayLocalActionButton,0,3,3,0,0,0,0
de.danoeh.antennapod.adapter.actionbutton.StreamActionButton,0,3,3,0,0,0,0
de.danoeh.antennapod.adapter.actionbutton.VisitWebsiteActionButton,0,3,3,0,0,0,0
de.danoeh.antennapod.adapter.gpodnet.PodcastListAdapter,0,5,5,0,0,1,0
de.danoeh.antennapod.adapter.gpodnet.PodcastListAdapter.Holder,0,0,0,1,1,0,1
de.danoeh.antennapod.adapter.gpodnet.TagListAdapter,0,4,4,0,0,1,0
de.danoeh.antennapod.adapter.gpodnet.TagListAdapter.Holder,0,0,0,1,1,0,1
de.danoeh.antennapod.adapter.itunes.ItunesAdapter,0,4,5,0,0,1,0
de.danoeh.antennapod.adapter.itunes.ItunesAdapter.PodcastViewHolder,0,2,2,1,1,0,1
de.danoeh.antennapod.asynctask.DocumentFileExportWorker,0,0,0,0,0,0,0
de.danoeh.antennapod.asynctask.ExportWorker,0,0,0,0,0,0,0
de.danoeh.antennapod.config.ApplicationCallbacksImpl,0,0,0,0,0,0,0
de.danoeh.antennapod.config.ClientConfigurator,0,0,0,0,0,0,0
de.danoeh.antennapod.config.DownloadServiceCallbacksImpl,0,2,2,0,0,0,0
de.danoeh.antennapod.core.ClientConfig,0,0,0,0,0,0,0
de.danoeh.antennapod.core.backup.OpmlBackupAgent,0,1,2,0,0,1,0
de.danoeh.antennapod.core.backup.OpmlBackupAgent.OpmlBackupHelper,0,1,1,1,1,0,1
de.danoeh.antennapod.core.dialog.ConfirmationDialog,0,2,2,0,0,0,0
de.danoeh.antennapod.core.event.DownloadEvent,0,0,0,0,0,0,0
de.danoeh.antennapod.core.event.DownloadLogEvent,0,0,0,0,0,0,0
de.danoeh.antennapod.core.event.DownloaderUpdate,0,0,0,0,0,0,0
de.danoeh.antennapod.core.export.CommonSymbols,0,0,0,0,0,0,0
de.danoeh.antennapod.core.export.favorites.FavoritesWriter,0,0,0,0,0,0,0
de.danoeh.antennapod.core.export.html.HtmlWriter,0,0,0,0,0,0,0
de.danoeh.antennapod.core.export.opml.OpmlElement,0,0,0,0,0,0,0
de.danoeh.antennapod.core.export.opml.OpmlReader,0,0,0,0,0,0,0
de.danoeh.antennapod.core.export.opml.OpmlSymbols,0,0,0,0,0,0,0
de.danoeh.antennapod.core.export.opml.OpmlWriter,0,0,0,0,0,0,0
de.danoeh.antennapod.core.feed.ChapterMerger,0,0,0,0,0,0,0
de.danoeh.antennapod.core.feed.FeedEvent,0,1,1,0,0,1,0
de.danoeh.antennapod.core.feed.FeedEvent.Action,0,0,0,1,1,0,1
de.danoeh.antennapod.core.feed.FeedItemFilterGroup,0,3,3,0,0,1,0
de.danoeh.antennapod.core.feed.FeedItemFilterGroup.ItemProperties,0,0,0,1,1,0,1
de.danoeh.antennapod.core.feed.FeedUrlNotFoundException,0,0,0,0,0,0,0
de.danoeh.antennapod.core.feed.LocalFeedUpdater,0,2,2,0,0,0,0
de.danoeh.antennapod.core.feed.SubscriptionsFilter,0,1,1,0,0,0,0
de.danoeh.antennapod.core.feed.SubscriptionsFilterGroup,0,3,3,0,0,1,0
de.danoeh.antennapod.core.feed.SubscriptionsFilterGroup.ItemProperties,0,0,0,1,1,0,1
de.danoeh.antennapod.core.feed.util.ImageResourceUtils,0,0,0,0,0,0,0
de.danoeh.antennapod.core.feed.util.PlaybackSpeedUtils,0,0,0,0,0,0,0
de.danoeh.antennapod.core.glide.ApGlideModule,0,0,0,0,0,0,0
de.danoeh.antennapod.core.glide.ApGlideSettings,0,0,0,0,0,0,0
de.danoeh.antennapod.core.glide.ApOkHttpUrlLoader,0,0,0,1,1,0,1
de.danoeh.antennapod.core.glide.ApOkHttpUrlLoader.Factory,0,2,2,0,0,1,0
de.danoeh.antennapod.core.glide.ApOkHttpUrlLoader.NetworkAllowanceInterceptor,0,0,0,1,1,0,1
de.danoeh.antennapod.core.glide.AudioCoverFetcher,0,0,0,0,0,0,0
de.danoeh.antennapod.core.glide.ChapterImageModelLoader,0,1,1,1,1,1,1
de.danoeh.antennapod.core.glide.ChapterImageModelLoader.EmbeddedImageFetcher,0,0,0,1,2,0,1
de.danoeh.antennapod.core.glide.ChapterImageModelLoader.Factory,0,1,2,0,0,1,0
de.danoeh.antennapod.core.glide.FastBlurTransformation,0,0,0,0,0,0,0
de.danoeh.antennapod.core.glide.GenerativePlaceholderImageModelLoader,0,1,2,1,1,1,1
de.danoeh.antennapod.core.glide.GenerativePlaceholderImageModelLoader.EmbeddedImageFetcher,0,1,1,1,2,0,1
de.danoeh.antennapod.core.glide.GenerativePlaceholderImageModelLoader.Factory,0,1,3,0,0,1,0
de.danoeh.antennapod.core.glide.MetadataRetrieverLoader,0,0,0,1,1,0,1
de.danoeh.antennapod.core.glide.MetadataRetrieverLoader.Factory,0,1,1,0,0,1,0
de.danoeh.antennapod.core.glide.NoHttpStringLoader,0,0,0,1,1,0,1
de.danoeh.antennapod.core.glide.NoHttpStringLoader.StreamFactory,0,1,1,0,0,1,0
de.danoeh.antennapod.core.glide.PaletteBitmap,0,0,0,0,0,0,0
de.danoeh.antennapod.core.glide.PaletteBitmapResource,0,0,0,0,0,0,0
de.danoeh.antennapod.core.glide.PaletteBitmapTranscoder,0,0,0,0,0,0,0
de.danoeh.antennapod.core.glide.ResizingOkHttpStreamFetcher,0,0,0,0,0,0,0
de.danoeh.antennapod.core.menuhandler.MenuItemUtils,0,3,3,0,0,1,0
de.danoeh.antennapod.core.preferences.PlaybackPreferences,0,0,0,0,0,0,0
de.danoeh.antennapod.core.preferences.SleepTimerPreferences,0,0,0,0,0,0,0
de.danoeh.antennapod.core.preferences.UsageStatistics,0,1,1,0,0,1,0
de.danoeh.antennapod.core.preferences.UsageStatistics.StatsAction,0,0,0,1,1,0,1
de.danoeh.antennapod.core.preferences.UserPreferences,0,7,7,0,0,1,0
de.danoeh.antennapod.core.preferences.UserPreferences.BackButtonBehavior,0,0,0,1,1,0,1
de.danoeh.antennapod.core.preferences.UserPreferences.EnqueueLocation,0,0,0,1,1,0,1
de.danoeh.antennapod.core.receiver.FeedUpdateReceiver,0,0,0,0,0,0,0
de.danoeh.antennapod.core.receiver.MediaButtonReceiver,0,0,0,0,0,0,0
de.danoeh.antennapod.core.receiver.PlayerWidget,0,0,0,0,0,0,0
de.danoeh.antennapod.core.service.BasicAuthorizationInterceptor,0,0,0,0,0,0,0
de.danoeh.antennapod.core.service.FeedUpdateWorker,0,0,0,0,0,0,0
de.danoeh.antennapod.core.service.UserAgentInterceptor,0,0,0,0,0,0,0
de.danoeh.antennapod.core.service.download.AntennapodHttpClient,0,0,0,0,0,0,0
de.danoeh.antennapod.core.service.download.DefaultDownloaderFactory,0,0,0,0,0,0,0
de.danoeh.antennapod.core.service.download.DownloadRequest,1,1,1,1,1,1,1
de.danoeh.antennapod.core.service.download.DownloadRequest.Builder,1,1,1,1,1,1,1
de.danoeh.antennapod.core.service.download.DownloadRequestCreator,0,0,0,0,0,0,0
de.danoeh.antennapod.core.service.download.DownloadService,1,4,4,1,1,1,1
de.danoeh.antennapod.core.service.download.DownloadService.NotificationUpdater,1,3,4,1,1,1,1
de.danoeh.antennapod.core.service.download.DownloadServiceNotification,0,5,5,0,0,0,0
de.danoeh.antennapod.core.service.download.DownloadStatus,0,0,0,0,0,0,0
de.danoeh.antennapod.core.service.download.Downloader,0,2,2,0,0,0,0
de.danoeh.antennapod.core.service.download.HttpDownloader,0,2,2,0,0,0,0
de.danoeh.antennapod.core.service.download.LocalFeedStubDownloader,0,0,0,0,0,0,0
de.danoeh.antennapod.core.service.download.NewEpisodesNotification,0,4,4,0,0,0,0
de.danoeh.antennapod.core.service.download.ProxyConfig,0,0,0,0,0,0,0
de.danoeh.antennapod.core.service.download.handler.FailedDownloadHandler,0,0,0,0,0,0,0
de.danoeh.antennapod.core.service.download.handler.FeedParserTask,0,0,0,0,0,0,0
de.danoeh.antennapod.core.service.download.handler.FeedSyncTask,0,0,0,0,0,0,0
de.danoeh.antennapod.core.service.download.handler.MediaDownloadedHandler,0,0,0,0,0,0,0
de.danoeh.antennapod.core.service.download.handler.PostDownloaderTask,0,0,0,0,0,0,0
de.danoeh.antennapod.core.service.playback.ExoPlayerWrapper,0,2,2,0,0,0,0
de.danoeh.antennapod.core.service.playback.LocalPSMP,2,2,2,2,2,1,1
de.danoeh.antennapod.core.service.playback.LocalPSMP.PlayerExecutor,2,1,2,1,2,1,1
de.danoeh.antennapod.core.service.playback.LocalPSMP.PlayerLock,2,1,2,1,2,1,1
de.danoeh.antennapod.core.service.playback.PlaybackService,1,6,6,1,1,1,1
de.danoeh.antennapod.core.service.playback.PlaybackService.LocalBinder,1,1,6,1,1,1,1
de.danoeh.antennapod.core.service.playback.PlaybackServiceNotificationBuilder,0,5,5,0,0,0,0
de.danoeh.antennapod.core.service.playback.PlaybackServiceStateManager,0,0,0,0,0,0,0
de.danoeh.antennapod.core.service.playback.PlaybackServiceTaskManager,1,2,2,1,1,1,1
de.danoeh.antennapod.core.service.playback.PlaybackServiceTaskManager.SleepTimer,1,1,2,1,1,1,1
de.danoeh.antennapod.core.service.playback.PlaybackVolumeUpdater,0,0,0,0,0,0,0
de.danoeh.antennapod.core.service.playback.ShakeListener,0,0,0,0,0,0,0
de.danoeh.antennapod.core.service.playback.WearMediaSession,0,0,0,0,0,0,0
de.danoeh.antennapod.core.storage.APCleanupAlgorithm,0,0,0,0,0,0,0
de.danoeh.antennapod.core.storage.APNullCleanupAlgorithm,0,0,0,0,0,0,0
de.danoeh.antennapod.core.storage.APQueueCleanupAlgorithm,0,0,0,0,0,0,0
de.danoeh.antennapod.core.storage.AutomaticDownloadAlgorithm,0,0,0,0,0,0,0
de.danoeh.antennapod.core.storage.DBReader,0,3,3,0,0,1,0
de.danoeh.antennapod.core.storage.DBReader.MonthlyStatisticsItem,0,0,0,1,1,0,1
de.danoeh.antennapod.core.storage.DBReader.StatisticsResult,0,0,0,1,1,0,1
de.danoeh.antennapod.core.storage.DBTasks,0,2,2,0,0,0,0
de.danoeh.antennapod.core.storage.DBTasks.QueryTask,0,0,0,0,0,0,0
de.danoeh.antennapod.core.storage.DBUpgrader,0,0,0,0,0,0,0
de.danoeh.antennapod.core.storage.DBWriter,0,4,4,0,0,0,0
de.danoeh.antennapod.core.storage.DatabaseExporter,0,2,2,0,0,0,0
de.danoeh.antennapod.core.storage.EpisodeCleanupAlgorithm,0,0,0,0,0,0,0
de.danoeh.antennapod.core.storage.ExceptFavoriteCleanupAlgorithm,0,0,0,0,0,0,0
de.danoeh.antennapod.core.storage.FeedItemDuplicateGuesser,0,0,0,0,0,0,0
de.danoeh.antennapod.core.storage.FeedSearcher,0,0,0,0,0,0,0
de.danoeh.antennapod.core.storage.ItemEnqueuePositionCalculator,0,0,0,0,0,0,0
de.danoeh.antennapod.core.storage.NavDrawerData,0,1,2,0,0,1,0
de.danoeh.antennapod.core.storage.NavDrawerData.DrawerItem,0,1,1,3,3,1,1
de.danoeh.antennapod.core.storage.NavDrawerData.DrawerItem.Type,0,0,0,3,4,0,1
de.danoeh.antennapod.core.storage.NavDrawerData.FeedDrawerItem,0,2,2,0,0,1,0
de.danoeh.antennapod.core.storage.NavDrawerData.TagDrawerItem,0,2,2,0,0,1,0
de.danoeh.antennapod.core.storage.PodDBAdapter,2,2,3,2,2,1,1
de.danoeh.antennapod.core.storage.PodDBAdapter.PodDBHelper,2,2,3,1,2,1,1
de.danoeh.antennapod.core.storage.PodDBAdapter.PodDbErrorHandler,2,1,3,1,2,1,1
de.danoeh.antennapod.core.storage.StatisticsItem,0,0,0,0,0,0,0
de.danoeh.antennapod.core.storage.mapper.ChapterCursorMapper,0,0,0,0,0,0,0
de.danoeh.antennapod.core.storage.mapper.DownloadStatusCursorMapper,0,0,0,0,0,0,0
de.danoeh.antennapod.core.storage.mapper.FeedCursorMapper,0,0,0,0,0,0,0
de.danoeh.antennapod.core.storage.mapper.FeedItemCursorMapper,0,0,0,0,0,0,0
de.danoeh.antennapod.core.storage.mapper.FeedItemFilterQuery,0,0,0,0,0,0,0
de.danoeh.antennapod.core.storage.mapper.FeedMediaCursorMapper,0,0,0,0,0,0,0
de.danoeh.antennapod.core.storage.mapper.FeedPreferencesCursorMapper,0,0,0,0,0,0,0
de.danoeh.antennapod.core.sync.EpisodeActionFilter,0,0,0,0,0,0,0
de.danoeh.antennapod.core.sync.GuidValidator,0,0,0,0,0,0,0
de.danoeh.antennapod.core.sync.LockingAsyncExecutor,0,0,0,0,0,0,0
de.danoeh.antennapod.core.sync.SyncService,0,4,4,0,0,0,0
de.danoeh.antennapod.core.sync.SynchronizationCredentials,0,0,0,0,0,0,0
de.danoeh.antennapod.core.sync.SynchronizationProviderViewData,0,3,3,0,0,0,0
de.danoeh.antennapod.core.sync.SynchronizationSettings,0,0,0,0,0,0,0
de.danoeh.antennapod.core.sync.queue.SynchronizationQueueSink,0,0,0,0,0,0,0
de.danoeh.antennapod.core.sync.queue.SynchronizationQueueStorage,0,0,0,0,0,0,0
de.danoeh.antennapod.core.util.ChapterUtils,0,0,0,0,0,0,0
de.danoeh.antennapod.core.util.Converter,0,4,4,0,0,0,0
de.danoeh.antennapod.core.util.DateFormatter,0,0,0,0,0,0,0
de.danoeh.antennapod.core.util.DownloadError,0,0,0,0,0,0,0
de.danoeh.antennapod.core.util.DownloadErrorLabel,0,2,2,0,0,0,0
de.danoeh.antennapod.core.util.FeedItemPermutors,0,0,0,0,0,0,0
de.danoeh.antennapod.core.util.FeedItemUtil,0,0,0,0,0,0,0
de.danoeh.antennapod.core.util.FileNameGenerator,0,1,1,0,0,0,0
de.danoeh.antennapod.core.util.IntentUtils,0,2,2,0,0,0,0
de.danoeh.antennapod.core.util.InvalidFeedException,0,0,0,0,0,0,0
de.danoeh.antennapod.core.util.LongIntMap,0,1,1,0,0,0,0
de.danoeh.antennapod.core.util.LongList,0,1,1,0,0,0,0
de.danoeh.antennapod.core.util.NetworkUtils,0,0,0,0,0,0,0
de.danoeh.antennapod.core.util.PowerUtils,0,0,0,0,0,0,0
de.danoeh.antennapod.core.util.ShareUtils,0,2,2,0,0,0,0
de.danoeh.antennapod.core.util.StorageUtils,0,0,0,0,0,0,0
de.danoeh.antennapod.core.util.TimeSpeedConverter,0,0,0,0,0,0,0
de.danoeh.antennapod.core.util.URIUtil,0,0,0,0,0,0,0
de.danoeh.antennapod.core.util.URLChecker,0,0,0,0,0,0,0
de.danoeh.antennapod.core.util.comparator.ChapterStartTimeComparator,0,0,0,0,0,0,0
de.danoeh.antennapod.core.util.comparator.DownloadStatusComparator,0,0,0,0,0,0,0
de.danoeh.antennapod.core.util.comparator.FeedItemPubdateComparator,0,0,0,0,0,0,0
de.danoeh.antennapod.core.util.comparator.PlaybackCompletionDateComparator,0,0,0,0,0,0,0
de.danoeh.antennapod.core.util.download.AutoUpdateManager,0,2,2,0,0,0,0
de.danoeh.antennapod.core.util.download.ConnectionStateMonitor,0,0,0,0,0,0,0
de.danoeh.antennapod.core.util.gui.MoreContentListFooterUtil,0,3,3,0,0,1,0
de.danoeh.antennapod.core.util.gui.NotificationUtils,0,2,2,0,0,0,0
de.danoeh.antennapod.core.util.gui.PictureInPictureUtil,0,0,0,0,0,0,0
de.danoeh.antennapod.core.util.playback.AudioPlayer,0,0,0,0,0,0,0
de.danoeh.antennapod.core.util.playback.MediaPlayerError,0,2,2,0,0,0,0
de.danoeh.antennapod.core.util.playback.PlayableUtils,0,0,0,0,0,0,0
de.danoeh.antennapod.core.util.playback.PlaybackController,0,0,0,0,0,0,0
de.danoeh.antennapod.core.util.playback.PlaybackServiceStarter,0,0,0,0,0,0,0
de.danoeh.antennapod.core.util.playback.Timeline,0,3,3,0,0,0,0
de.danoeh.antennapod.core.util.playback.VideoPlayer,0,0,0,0,0,0,0
de.danoeh.antennapod.core.util.syndication.FeedDiscoverer,0,0,0,0,0,0,0
de.danoeh.antennapod.core.util.syndication.HtmlToPlainText,0,1,1,0,0,1,0
de.danoeh.antennapod.core.util.syndication.HtmlToPlainText.FormattingVisitor,0,0,0,1,1,0,1
de.danoeh.antennapod.core.widget.WidgetUpdater,0,7,7,0,0,1,0
de.danoeh.antennapod.core.widget.WidgetUpdater.WidgetState,0,0,0,1,1,0,1
de.danoeh.antennapod.core.widget.WidgetUpdaterWorker,0,0,0,0,0,0,0
de.danoeh.antennapod.dialog.AuthenticationDialog,0,3,3,0,0,0,0
de.danoeh.antennapod.dialog.ChooseDataFolderDialog,0,4,4,0,0,0,0
de.danoeh.antennapod.dialog.DownloadLogDetailsDialog,0,2,2,0,0,0,0
de.danoeh.antennapod.dialog.EpisodeFilterDialog,0,4,4,0,0,0,0
de.danoeh.antennapod.dialog.FeedPreferenceSkipDialog,0,4,4,0,0,0,0
de.danoeh.antennapod.dialog.FeedRefreshIntervalDialog,0,5,5,0,0,0,0
de.danoeh.antennapod.dialog.FeedSortDialog,0,3,3,0,0,0,0
de.danoeh.antennapod.dialog.FilterDialog,0,4,4,0,0,0,0
de.danoeh.antennapod.dialog.IntraFeedSortDialog,0,4,4,0,0,0,0
de.danoeh.antennapod.dialog.PlaybackControlsDialog,0,4,4,0,0,0,0
de.danoeh.antennapod.dialog.ProxyDialog,0,5,5,0,0,0,0
de.danoeh.antennapod.dialog.RatingDialog,0,2,2,0,0,0,0
de.danoeh.antennapod.dialog.RemoveFeedDialog,0,2,2,0,0,0,0
de.danoeh.antennapod.dialog.RenameItemDialog,0,6,6,0,0,0,0
de.danoeh.antennapod.dialog.ShareDialog,0,4,4,0,0,0,0
de.danoeh.antennapod.dialog.SkipPreferenceDialog,0,5,5,0,0,1,0
de.danoeh.antennapod.dialog.SkipPreferenceDialog.SkipDirection,0,0,0,1,1,0,1
de.danoeh.antennapod.dialog.SleepTimerDialog,0,4,4,0,0,0,0
de.danoeh.antennapod.dialog.StreamingConfirmationDialog,0,2,2,0,0,0,0
de.danoeh.antennapod.dialog.SubscriptionsFilterDialog,0,4,4,0,0,0,0
de.danoeh.antennapod.dialog.SwipeActionsDialog,0,10,10,0,0,1,0
de.danoeh.antennapod.dialog.TagSettingsDialog,1,5,7,1,1,1,1
de.danoeh.antennapod.dialog.TagSettingsDialog.TagSelectionAdapter,1,4,7,1,1,1,1
de.danoeh.antennapod.dialog.TagSettingsDialog.TagSelectionAdapter.ViewHolder,0,0,0,1,2,0,1
de.danoeh.antennapod.dialog.VariableSpeedDialog,1,6,7,1,1,1,1
de.danoeh.antennapod.dialog.VariableSpeedDialog.SpeedSelectionAdapter,1,2,7,1,1,1,1
de.danoeh.antennapod.dialog.VariableSpeedDialog.SpeedSelectionAdapter.ViewHolder,0,0,0,1,2,0,1
de.danoeh.antennapod.discovery.CombinedSearcher,0,0,0,0,0,0,0
de.danoeh.antennapod.discovery.FyydPodcastSearcher,0,3,3,0,0,1,0
de.danoeh.antennapod.discovery.GpodnetPodcastSearcher,0,0,0,0,0,0,0
de.danoeh.antennapod.discovery.ItunesPodcastSearcher,0,0,0,0,0,0,0
de.danoeh.antennapod.discovery.ItunesTopListLoader,0,2,2,0,0,0,0
de.danoeh.antennapod.discovery.PodcastIndexPodcastSearcher,0,0,0,0,0,0,0
de.danoeh.antennapod.discovery.PodcastSearchResult,0,1,1,0,0,1,0
de.danoeh.antennapod.discovery.PodcastSearcherRegistry,0,1,1,0,0,1,0
de.danoeh.antennapod.discovery.PodcastSearcherRegistry.SearcherInfo,0,0,0,1,1,0,1
de.danoeh.antennapod.error.CrashReportWriter,0,0,0,0,0,0,0
de.danoeh.antennapod.error.RxJavaErrorHandlerSetup,0,0,0,0,0,0,0
de.danoeh.antennapod.event.DiscoveryDefaultUpdateEvent,0,0,0,0,0,0,0
de.danoeh.antennapod.event.FavoritesEvent,0,0,0,0,0,0,0
de.danoeh.antennapod.event.FeedItemEvent,0,0,0,0,0,0,0
de.danoeh.antennapod.event.FeedListUpdateEvent,0,0,0,0,0,0,0
de.danoeh.antennapod.event.MessageEvent,0,0,0,0,0,0,0
de.danoeh.antennapod.event.PlayerErrorEvent,0,0,0,0,0,0,0
de.danoeh.antennapod.event.PlayerStatusEvent,0,0,0,0,0,0,0
de.danoeh.antennapod.event.QueueEvent,0,1,1,0,0,1,0
de.danoeh.antennapod.event.QueueEvent.Action,0,0,0,1,1,0,1
de.danoeh.antennapod.event.SyncServiceEvent,0,0,0,0,0,0,0
de.danoeh.antennapod.event.UnreadItemsUpdateEvent,0,0,0,0,0,0,0
de.danoeh.antennapod.event.playback.BufferUpdateEvent,0,0,0,0,0,0,0
de.danoeh.antennapod.event.playback.PlaybackHistoryEvent,0,0,0,0,0,0,0
de.danoeh.antennapod.event.playback.PlaybackPositionEvent,0,0,0,0,0,0,0
de.danoeh.antennapod.event.playback.PlaybackServiceEvent,0,1,1,0,0,1,0
de.danoeh.antennapod.event.playback.PlaybackServiceEvent.Action,0,0,0,1,1,0,1
de.danoeh.antennapod.event.playback.SleepTimerUpdatedEvent,0,0,0,0,0,0,0
de.danoeh.antennapod.event.playback.SpeedChangedEvent,0,0,0,0,0,0,0
de.danoeh.antennapod.event.settings.SkipIntroEndingChangedEvent,0,0,0,0,0,0,0
de.danoeh.antennapod.event.settings.SpeedPresetChangedEvent,0,0,0,0,0,0,0
de.danoeh.antennapod.event.settings.VolumeAdaptionChangedEvent,0,0,0,0,0,0,0
de.danoeh.antennapod.fragment.AddFeedFragment,0,6,6,0,0,1,0
de.danoeh.antennapod.fragment.AddFeedFragment.AddLocalFolder,0,0,0,1,1,0,1
de.danoeh.antennapod.fragment.AllEpisodesFragment,0,3,3,0,0,0,0
de.danoeh.antennapod.fragment.AudioPlayerFragment,1,6,6,1,1,1,1
de.danoeh.antennapod.fragment.AudioPlayerFragment.AudioPlayerPagerAdapter,1,1,6,1,1,1,1
de.danoeh.antennapod.fragment.ChaptersFragment,0,4,4,0,0,0,0
de.danoeh.antennapod.fragment.CompletedDownloadsFragment,0,7,7,0,0,1,0
de.danoeh.antennapod.fragment.CompletedDownloadsFragment.CompletedDownloadsListAdapter,0,2,2,1,1,0,1
de.danoeh.antennapod.fragment.CoverFragment,0,4,4,0,0,0,0
de.danoeh.antennapod.fragment.DiscoveryFragment,0,4,4,0,0,0,0
de.danoeh.antennapod.fragment.DownloadLogFragment,0,5,5,0,0,0,0
de.danoeh.antennapod.fragment.DownloadsFragment,1,6,6,1,1,1,1
de.danoeh.antennapod.fragment.DownloadsFragment.DownloadsPagerAdapter,1,1,6,1,1,1,1
de.danoeh.antennapod.fragment.EpisodesFragment,1,6,6,1,1,1,1
de.danoeh.antennapod.fragment.EpisodesFragment.EpisodesPagerAdapter,1,1,6,1,1,1,1
de.danoeh.antennapod.fragment.EpisodesListFragment,0,6,6,0,0,0,0
de.danoeh.antennapod.fragment.ExternalPlayerFragment,0,4,4,0,0,0,0
de.danoeh.antennapod.fragment.FavoriteEpisodesFragment,0,4,4,0,0,0,0
de.danoeh.antennapod.fragment.FeedInfoFragment,0,11,40,0,0,3,0
de.danoeh.antennapod.fragment.FeedInfoFragment.AddLocalFolder,0,0,0,1,1,0,1
de.danoeh.antennapod.fragment.FeedItemlistFragment,0,10,10,0,0,1,0
de.danoeh.antennapod.fragment.FeedItemlistFragment.FeedItemListAdapter,0,2,2,1,1,0,1
de.danoeh.antennapod.fragment.FeedSettingsFragment,1,4,7,1,1,1,1
de.danoeh.antennapod.fragment.FeedSettingsFragment.FeedSettingsPreferenceFragment,1,5,7,1,1,1,1
de.danoeh.antennapod.fragment.ItemDescriptionFragment,0,3,3,0,0,0,0
de.danoeh.antennapod.fragment.ItemFragment,0,11,11,0,0,1,0
de.danoeh.antennapod.fragment.ItemPagerFragment,1,5,6,1,1,1,1
de.danoeh.antennapod.fragment.ItemPagerFragment.ItemPagerAdapter,1,2,6,1,1,1,1
de.danoeh.antennapod.fragment.NavDrawerFragment,0,6,6,0,0,0,0
de.danoeh.antennapod.fragment.NewEpisodesFragment,0,3,3,0,0,0,0
de.danoeh.antennapod.fragment.OnlineSearchFragment,0,5,5,0,0,0,0
de.danoeh.antennapod.fragment.PlaybackHistoryFragment,0,7,7,0,0,1,0
de.danoeh.antennapod.fragment.PlaybackHistoryFragment.PlaybackHistoryListAdapter,0,0,0,1,1,0,1
de.danoeh.antennapod.fragment.QueueFragment,1,8,8,1,1,1,1
de.danoeh.antennapod.fragment.QueueFragment.QueueSwipeActions,1,1,8,1,1,1,1
de.danoeh.antennapod.fragment.QuickFeedDiscoveryFragment,0,4,4,0,0,0,0
de.danoeh.antennapod.fragment.SearchFragment,0,6,6,0,0,0,0
de.danoeh.antennapod.fragment.SubscriptionFragment,0,9,38,0,0,1,0
de.danoeh.antennapod.fragment.TransitionEffect,0,0,0,0,0,0,0
de.danoeh.antennapod.fragment.actions.EpisodeMultiSelectActionHandler,0,4,4,0,0,0,0
de.danoeh.antennapod.fragment.actions.FeedMultiSelectActionHandler,0,6,6,0,0,0,0
de.danoeh.antennapod.fragment.gpodnet.GpodnetMainFragment,1,6,6,1,1,1,1
de.danoeh.antennapod.fragment.gpodnet.GpodnetMainFragment.GpodnetPagerAdapter,1,1,6,1,1,1,1
de.danoeh.antennapod.fragment.gpodnet.PodcastListFragment,0,4,4,0,0,0,0
de.danoeh.antennapod.fragment.gpodnet.PodcastTopListFragment,0,0,0,0,0,0,0
de.danoeh.antennapod.fragment.gpodnet.TagFragment,0,0,0,0,0,0,0
de.danoeh.antennapod.fragment.gpodnet.TagListFragment,0,0,0,0,0,0,0
de.danoeh.antennapod.fragment.preferences.AutoDownloadPreferencesFragment,0,6,6,0,0,0,0
de.danoeh.antennapod.fragment.preferences.ImportExportPreferencesFragment,0,4,4,0,0,1,0
de.danoeh.antennapod.fragment.preferences.ImportExportPreferencesFragment.BackupDatabase,0,0,0,1,1,0,1
de.danoeh.antennapod.fragment.preferences.MainPreferencesFragment,0,5,5,0,0,0,0
de.danoeh.antennapod.fragment.preferences.NetworkPreferencesFragment,0,5,5,0,0,0,0
de.danoeh.antennapod.fragment.preferences.NotificationPreferencesFragment,0,3,3,0,0,0,0
de.danoeh.antennapod.fragment.preferences.PlaybackPreferencesFragment,0,6,6,0,0,0,0
de.danoeh.antennapod.fragment.preferences.StoragePreferencesFragment,0,3,3,0,0,0,0
de.danoeh.antennapod.fragment.preferences.SwipePreferencesFragment,0,3,3,0,0,0,0
de.danoeh.antennapod.fragment.preferences.UserInterfacePreferencesFragment,0,5,5,0,0,0,0
de.danoeh.antennapod.fragment.preferences.about.AboutFragment,0,4,4,0,0,0,0
de.danoeh.antennapod.fragment.preferences.about.ContributorsPagerFragment,1,5,5,1,1,1,1
de.danoeh.antennapod.fragment.preferences.about.ContributorsPagerFragment.StatisticsPagerAdapter,1,1,5,1,1,1,1
de.danoeh.antennapod.fragment.preferences.about.DevelopersFragment,0,0,0,0,0,0,0
de.danoeh.antennapod.fragment.preferences.about.LicensesFragment,0,3,3,0,0,1,0
de.danoeh.antennapod.fragment.preferences.about.LicensesFragment.LicenseItem,0,0,0,1,1,0,1
de.danoeh.antennapod.fragment.preferences.about.SpecialThanksFragment,0,0,0,0,0,0,0
de.danoeh.antennapod.fragment.preferences.about.TranslatorsFragment,0,0,0,0,0,0,0
de.danoeh.antennapod.fragment.preferences.dialog.PreferenceListDialog,0,3,3,0,0,1,0
de.danoeh.antennapod.fragment.preferences.dialog.PreferenceSwitchDialog,0,5,5,0,0,1,0
de.danoeh.antennapod.fragment.preferences.synchronization.GpodderAuthenticationFragment,0,4,4,0,0,0,0
de.danoeh.antennapod.fragment.preferences.synchronization.NextcloudAuthenticationFragment,0,3,3,0,0,0,0
de.danoeh.antennapod.fragment.preferences.synchronization.SynchronizationPreferencesFragment,0,7,7,0,0,1,0
de.danoeh.antennapod.fragment.swipeactions.AddToQueueSwipeAction,0,4,4,0,0,0,0
de.danoeh.antennapod.fragment.swipeactions.MarkFavoriteSwipeAction,0,4,4,0,0,0,0
de.danoeh.antennapod.fragment.swipeactions.MarkPlayedSwipeAction,0,4,4,0,0,0,0
de.danoeh.antennapod.fragment.swipeactions.RemoveFromInboxSwipeAction,0,4,4,0,0,0,0
de.danoeh.antennapod.fragment.swipeactions.RemoveFromQueueSwipeAction,0,5,5,0,0,0,0
de.danoeh.antennapod.fragment.swipeactions.ShowFirstSwipeDialogAction,0,3,3,0,0,0,0
de.danoeh.antennapod.fragment.swipeactions.StartDownloadSwipeAction,0,4,4,0,0,0,0
de.danoeh.antennapod.fragment.swipeactions.SwipeActions,1,3,4,1,1,1,1
de.danoeh.antennapod.fragment.swipeactions.SwipeActions.Actions,1,2,4,1,1,1,1
de.danoeh.antennapod.menuhandler.FeedItemMenuHandler,0,3,3,0,0,0,0
de.danoeh.antennapod.menuhandler.FeedMenuHandler,0,3,3,0,0,0,0
de.danoeh.antennapod.model.feed.Chapter,0,0,0,0,0,0,0
de.danoeh.antennapod.model.feed.EmbeddedChapterImage,0,0,0,0,0,0,0
de.danoeh.antennapod.model.feed.Feed,0,0,0,0,0,0,0
de.danoeh.antennapod.model.feed.FeedComponent,0,0,0,0,0,0,0
de.danoeh.antennapod.model.feed.FeedFile,0,0,0,0,0,0,0
de.danoeh.antennapod.model.feed.FeedFilter,0,0,0,0,0,0,0
de.danoeh.antennapod.model.feed.FeedFunding,0,1,1,0,0,0,0
de.danoeh.antennapod.model.feed.FeedItem,0,0,0,0,0,0,0
de.danoeh.antennapod.model.feed.FeedItem.State,0,0,0,0,0,0,0
de.danoeh.antennapod.model.feed.FeedItemFilter,0,1,1,0,0,0,0
de.danoeh.antennapod.model.feed.FeedMedia,0,0,0,0,0,0,0
de.danoeh.antennapod.model.feed.FeedPreferences,0,1,1,0,0,1,0
de.danoeh.antennapod.model.feed.FeedPreferences.AutoDeleteAction,0,0,0,1,1,0,1
de.danoeh.antennapod.model.feed.SortOrder,0,2,2,0,0,1,0
de.danoeh.antennapod.model.feed.SortOrder.Scope,0,0,0,1,1,0,1
de.danoeh.antennapod.model.feed.VolumeAdaptionSetting,0,0,0,0,0,0,0
de.danoeh.antennapod.model.playback.MediaType,0,0,0,0,0,0,0
de.danoeh.antennapod.model.playback.RemoteMedia,0,0,0,0,0,0,0
de.danoeh.antennapod.net.ssl.BackportCaCerts,0,0,0,0,0,0,0
de.danoeh.antennapod.net.ssl.BackportTrustManager,0,0,0,0,0,0,0
de.danoeh.antennapod.net.ssl.CompositeX509TrustManager,0,0,0,0,0,0,0
de.danoeh.antennapod.net.ssl.NoV1SslSocketFactory,0,0,0,0,0,0,0
de.danoeh.antennapod.net.ssl.SslClientSetup,0,0,0,0,0,0,0
de.danoeh.antennapod.net.ssl.SslProviderInstaller,0,0,0,0,0,0,0
de.danoeh.antennapod.net.sync.HostnameParser,0,0,0,0,0,0,0
de.danoeh.antennapod.net.sync.gpoddernet.GpodnetService,0,0,0,0,0,0,0
de.danoeh.antennapod.net.sync.gpoddernet.GpodnetServiceAuthenticationException,0,0,0,0,0,0,0
de.danoeh.antennapod.net.sync.gpoddernet.GpodnetServiceBadStatusCodeException,0,0,0,0,0,0,0
de.danoeh.antennapod.net.sync.gpoddernet.GpodnetServiceException,0,0,0,0,0,0,0
de.danoeh.antennapod.net.sync.gpoddernet.mapper.ResponseMapper,0,0,0,0,0,0,0
de.danoeh.antennapod.net.sync.gpoddernet.model.GpodnetDevice,0,1,1,0,0,1,0
de.danoeh.antennapod.net.sync.gpoddernet.model.GpodnetDevice.DeviceType,0,0,0,1,1,0,1
de.danoeh.antennapod.net.sync.gpoddernet.model.GpodnetEpisodeActionPostResponse,0,0,0,0,0,0,0
de.danoeh.antennapod.net.sync.gpoddernet.model.GpodnetPodcast,0,0,0,0,0,0,0
de.danoeh.antennapod.net.sync.gpoddernet.model.GpodnetTag,0,0,0,0,0,0,0
de.danoeh.antennapod.net.sync.gpoddernet.model.GpodnetUploadChangesResponse,0,0,0,0,0,0,0
de.danoeh.antennapod.net.sync.model.EpisodeAction,1,2,2,1,1,1,1
de.danoeh.antennapod.net.sync.model.EpisodeAction.Action,0,0,0,2,2,0,1
de.danoeh.antennapod.net.sync.model.EpisodeAction.Builder,1,2,2,1,1,1,1
de.danoeh.antennapod.net.sync.model.EpisodeActionChanges,0,0,0,0,0,0,0
de.danoeh.antennapod.net.sync.model.SubscriptionChanges,0,0,0,0,0,0,0
de.danoeh.antennapod.net.sync.model.SyncServiceException,0,0,0,0,0,0,0
de.danoeh.antennapod.net.sync.model.UploadChangesResponse,0,0,0,0,0,0,0
de.danoeh.antennapod.net.sync.nextcloud.NextcloudLoginFlow,0,1,1,0,0,1,0
de.danoeh.antennapod.net.sync.nextcloud.NextcloudSyncService,0,1,1,0,0,1,0
de.danoeh.antennapod.net.sync.nextcloud.NextcloudSyncService.NextcloudGpodderEpisodeActionPostResponse,0,0,0,1,1,0,1
de.danoeh.antennapod.net.sync.nextcloud.NextcloudSynchronizationServiceException,0,0,0,0,0,0,0
de.danoeh.antennapod.parser.feed.FeedHandler,0,0,0,0,0,0,0
de.danoeh.antennapod.parser.feed.FeedHandlerResult,0,0,0,0,0,0,0
de.danoeh.antennapod.parser.feed.HandlerState,0,0,0,0,0,0,0
de.danoeh.antennapod.parser.feed.SyndHandler,0,0,0,0,0,0,0
de.danoeh.antennapod.parser.feed.UnsupportedFeedtypeException,0,0,0,0,0,0,0
de.danoeh.antennapod.parser.feed.element.AtomText,0,0,0,0,0,0,0
de.danoeh.antennapod.parser.feed.element.SimpleChapter,0,0,0,0,0,0,0
de.danoeh.antennapod.parser.feed.element.SyndElement,0,0,0,0,0,0,0
de.danoeh.antennapod.parser.feed.namespace.Atom,0,0,0,0,0,0,0
de.danoeh.antennapod.parser.feed.namespace.Content,0,0,0,0,0,0,0
de.danoeh.antennapod.parser.feed.namespace.DublinCore,0,0,0,0,0,0,0
de.danoeh.antennapod.parser.feed.namespace.Itunes,0,0,0,0,0,0,0
de.danoeh.antennapod.parser.feed.namespace.Media,0,0,0,0,0,0,0
de.danoeh.antennapod.parser.feed.namespace.Namespace,0,0,0,0,0,0,0
de.danoeh.antennapod.parser.feed.namespace.PodcastIndex,0,0,0,0,0,0,0
de.danoeh.antennapod.parser.feed.namespace.Rss20,0,0,0,0,0,0,0
de.danoeh.antennapod.parser.feed.namespace.SimpleChapters,0,0,0,0,0,0,0
de.danoeh.antennapod.parser.feed.util.DateUtils,0,1,1,0,0,0,0
de.danoeh.antennapod.parser.feed.util.DurationParser,0,1,1,0,0,0,0
de.danoeh.antennapod.parser.feed.util.MimeTypeUtils,0,0,0,0,0,0,0
de.danoeh.antennapod.parser.feed.util.SyndStringUtils,0,0,0,0,0,0,0
de.danoeh.antennapod.parser.feed.util.TypeGetter,0,1,1,0,0,1,0
de.danoeh.antennapod.parser.feed.util.TypeGetter.Type,0,0,0,1,1,0,1
de.danoeh.antennapod.parser.media.id3.ChapterReader,0,0,0,0,0,0,0
de.danoeh.antennapod.parser.media.id3.ID3Chapter,0,0,0,0,0,0,0
de.danoeh.antennapod.parser.media.id3.ID3Reader,0,0,0,0,0,0,0
de.danoeh.antennapod.parser.media.id3.ID3ReaderException,0,0,0,0,0,0,0
de.danoeh.antennapod.parser.media.id3.model.FrameHeader,0,0,0,0,0,0,0
de.danoeh.antennapod.parser.media.id3.model.Header,0,0,0,0,0,0,0
de.danoeh.antennapod.parser.media.id3.model.TagHeader,0,0,0,0,0,0,0
de.danoeh.antennapod.parser.media.vorbis.VorbisCommentChapter,0,1,1,0,0,0,0
de.danoeh.antennapod.parser.media.vorbis.VorbisCommentChapterReader,0,0,0,0,0,0,0
de.danoeh.antennapod.parser.media.vorbis.VorbisCommentHeader,0,0,0,0,0,0,0
de.danoeh.antennapod.parser.media.vorbis.VorbisCommentReader,0,1,1,0,0,0,0
de.danoeh.antennapod.parser.media.vorbis.VorbisCommentReaderException,0,0,0,0,0,0,0
de.danoeh.antennapod.playback.base.PlaybackServiceMediaPlayer,0,2,2,0,0,1,0
de.danoeh.antennapod.playback.base.PlaybackServiceMediaPlayer.PSMPInfo,0,0,0,2,2,0,1
de.danoeh.antennapod.playback.base.PlayerStatus,0,0,0,0,0,0,0
de.danoeh.antennapod.playback.base.RewindAfterPauseUtils,0,0,0,0,0,0,0
de.danoeh.antennapod.playback.cast.CastEnabledActivity,0,0,0,0,0,0,0
de.danoeh.antennapod.playback.cast.CastPsmp,0,0,0,0,0,0,0
de.danoeh.antennapod.playback.cast.CastStateListener,0,0,0,0,0,0,0
de.danoeh.antennapod.preferences.MasterSwitchPreference,0,2,2,0,0,0,0
de.danoeh.antennapod.preferences.NumberPickerPreference,0,3,3,0,0,0,0
de.danoeh.antennapod.preferences.PreferenceUpgrader,0,2,2,0,0,0,0
de.danoeh.antennapod.receiver.ConnectivityActionReceiver,0,0,0,0,0,0,0
de.danoeh.antennapod.receiver.PowerConnectionReceiver,0,0,0,0,0,0,0
de.danoeh.antennapod.receiver.SPAReceiver,0,2,2,0,0,0,0
de.danoeh.antennapod.spa.SPAUtil,0,0,0,0,0,0,0
de.danoeh.antennapod.ui.appstartintent.MainActivityStarter,0,2,2,0,0,0,0
de.danoeh.antennapod.ui.appstartintent.VideoPlayerActivityStarter,0,2,2,0,0,0,0
de.danoeh.antennapod.ui.common.CircularProgressBar,0,2,2,0,0,0,0
de.danoeh.antennapod.ui.common.PagedToolbarFragment,0,0,0,0,0,0,0
de.danoeh.antennapod.ui.common.PlaybackSpeedIndicatorView,0,2,2,0,0,0,0
de.danoeh.antennapod.ui.common.RecursiveRadioGroup,0,0,0,0,0,0,0
de.danoeh.antennapod.ui.common.SquareImageView,0,2,2,0,0,0,0
de.danoeh.antennapod.ui.common.ThemeUtils,0,0,0,0,0,0,0
de.danoeh.antennapod.ui.common.WrappingGridView,0,0,0,0,0,0,0
de.danoeh.antennapod.ui.statistics.PieChartView,0,2,3,2,10,1,1
de.danoeh.antennapod.ui.statistics.PieChartView.PieChartData,0,1,1,5,12,0,3
de.danoeh.antennapod.ui.statistics.PieChartView.PieChartDrawable,0,2,2,1,11,1,1
de.danoeh.antennapod.ui.statistics.StatisticsFragment,1,6,30,3,3,1,2
de.danoeh.antennapod.ui.statistics.StatisticsFragment.StatisticsPagerAdapter,1,4,30,1,3,4,1
de.danoeh.antennapod.ui.statistics.StatisticsListAdapter,0,7,10,4,8,1,2
de.danoeh.antennapod.ui.statistics.StatisticsListAdapter.HeaderHolder,0,3,6,1,9,1,1
de.danoeh.antennapod.ui.statistics.StatisticsListAdapter.StatisticsHolder,0,2,2,3,9,0,3
de.danoeh.antennapod.ui.statistics.downloads.DownloadStatisticsFragment,0,5,13,1,4,2,1
de.danoeh.antennapod.ui.statistics.downloads.DownloadStatisticsListAdapter,0,5,12,1,5,1,1
de.danoeh.antennapod.ui.statistics.feed.FeedStatisticsDialogFragment,0,4,5,1,6,1,1
de.danoeh.antennapod.ui.statistics.feed.FeedStatisticsFragment,0,1,1,2,7,0,2
de.danoeh.antennapod.ui.statistics.subscriptions.PlaybackStatisticsListAdapter,0,6,15,1,5,2,1
de.danoeh.antennapod.ui.statistics.subscriptions.SubscriptionStatisticsFragment,0,8,17,1,4,2,1
de.danoeh.antennapod.ui.statistics.years.LineChartView,0,2,5,2,7,1,1
de.danoeh.antennapod.ui.statistics.years.LineChartView.LineChartData,0,0,0,3,9,0,1
de.danoeh.antennapod.ui.statistics.years.LineChartView.LineChartDrawable,0,4,4,1,8,1,1
de.danoeh.antennapod.ui.statistics.years.YearStatisticsListAdapter,0,7,11,1,5,1,1
de.danoeh.antennapod.ui.statistics.years.YearStatisticsListAdapter.HeaderHolder,0,3,7,1,6,1,1
de.danoeh.antennapod.ui.statistics.years.YearStatisticsListAdapter.StatisticsHolder,0,2,2,1,6,0,1
de.danoeh.antennapod.ui.statistics.years.YearsStatisticsFragment,0,4,12,1,4,1,1
de.danoeh.antennapod.view.AspectRatioVideoView,0,0,0,0,0,0,0
de.danoeh.antennapod.view.ChapterSeekBar,0,3,3,0,0,0,0
de.danoeh.antennapod.view.EmptyViewHandler,0,3,3,0,0,0,0
de.danoeh.antennapod.view.EpisodeItemListRecyclerView,0,3,3,0,0,0,0
de.danoeh.antennapod.view.ItemOffsetDecoration,0,0,0,0,0,0,0
de.danoeh.antennapod.view.LockableBottomSheetBehavior,0,0,0,0,0,0,0
de.danoeh.antennapod.view.NestedScrollableHost,0,2,2,0,0,0,0
de.danoeh.antennapod.view.PlayButton,0,3,3,0,0,0,0
de.danoeh.antennapod.view.PlaybackSpeedSeekBar,0,3,3,0,0,0,0
de.danoeh.antennapod.view.ShownotesWebView,0,3,3,0,0,0,0
de.danoeh.antennapod.view.SimpleAdapterDataObserver,0,0,0,0,0,0,0
de.danoeh.antennapod.view.ToolbarIconTintManager,0,2,2,0,0,0,0
de.danoeh.antennapod.view.viewholder.DownloadLogItemViewHolder,0,3,3,0,0,0,0
de.danoeh.antennapod.view.viewholder.EpisodeItemViewHolder,0,5,5,0,0,0,0

Interface,Cyclic,Dcy,Dcy*,Dpt,Dpt*,PDcy,PDpt
de.danoeh.antennapod.adapter.ChaptersListAdapter.Callback,0,0,0,1,1,0,1
de.danoeh.antennapod.adapter.NavListAdapter.ItemAccess,0,0,0,1,1,0,1
de.danoeh.antennapod.adapter.SelectableAdapter.OnSelectModeListener,0,0,0,1,1,0,1
de.danoeh.antennapod.core.ApplicationCallbacks,0,0,0,0,0,0,0
de.danoeh.antennapod.core.DownloadServiceCallbacks,0,0,0,0,0,0,0
de.danoeh.antennapod.core.export.ExportWriter,0,0,0,0,0,0,0
de.danoeh.antennapod.core.menuhandler.MenuItemUtils.UpdateRefreshMenuItemChecker,0,0,0,1,1,0,1
de.danoeh.antennapod.core.service.download.DownloaderFactory,0,0,0,0,0,0,0
de.danoeh.antennapod.core.service.playback.PlaybackServiceTaskManager.PSTMCallback,0,0,0,1,2,0,1
de.danoeh.antennapod.core.util.Permutor,0,0,0,0,0,0,0
de.danoeh.antennapod.core.util.gui.MoreContentListFooterUtil.Listener,0,0,0,1,1,0,1
de.danoeh.antennapod.core.util.playback.IPlayer,0,0,0,0,0,0,0
de.danoeh.antennapod.dialog.SwipeActionsDialog.Callback,0,0,0,1,1,0,1
de.danoeh.antennapod.discovery.PodcastSearcher,0,0,0,0,0,0,0
de.danoeh.antennapod.fragment.preferences.dialog.PreferenceListDialog.OnPreferenceChangedListener,0,0,0,1,1,0,1
de.danoeh.antennapod.fragment.preferences.dialog.PreferenceSwitchDialog.OnPreferenceChangedListener,0,0,0,1,1,0,1
de.danoeh.antennapod.fragment.swipeactions.SwipeAction,0,0,0,0,0,0,0
de.danoeh.antennapod.model.playback.Playable,0,0,0,0,0,0,0
de.danoeh.antennapod.net.sync.model.ISyncService,0,0,0,0,0,0,0
de.danoeh.antennapod.net.sync.nextcloud.NextcloudLoginFlow.AuthenticationCallback,0,0,0,1,1,0,1
de.danoeh.antennapod.playback.base.PlaybackServiceMediaPlayer.PSMPCallback,0,1,1,1,1,1,1

Package,Cyclic,PDcy,PDpt,PDpt*
,0,0,0,n/a
anim,0,0,0,n/a
color,0,0,0,n/a
com.google.android.material.bottomsheet,0,0,0,1
de.danoeh.antennapod,0,0,0,1
de.danoeh.antennapod.activity,0,0,0,1
de.danoeh.antennapod.adapter,0,0,0,1
de.danoeh.antennapod.adapter.actionbutton,0,0,0,1
de.danoeh.antennapod.adapter.gpodnet,0,0,0,1
de.danoeh.antennapod.adapter.itunes,0,0,0,1
de.danoeh.antennapod.asynctask,0,0,0,1
de.danoeh.antennapod.config,0,0,0,1
de.danoeh.antennapod.core,0,0,0,1
de.danoeh.antennapod.core.backup,0,0,0,1
de.danoeh.antennapod.core.dialog,0,0,0,1
de.danoeh.antennapod.core.event,0,0,0,1
de.danoeh.antennapod.core.export,0,0,0,1
de.danoeh.antennapod.core.export.favorites,0,0,0,1
de.danoeh.antennapod.core.export.html,0,0,0,1
de.danoeh.antennapod.core.export.opml,0,0,0,1
de.danoeh.antennapod.core.feed,0,0,0,1
de.danoeh.antennapod.core.feed.util,0,0,0,1
de.danoeh.antennapod.core.glide,0,0,0,1
de.danoeh.antennapod.core.menuhandler,0,0,0,1
de.danoeh.antennapod.core.preferences,0,0,0,1
de.danoeh.antennapod.core.receiver,0,0,0,1
de.danoeh.antennapod.core.service,0,0,0,1
de.danoeh.antennapod.core.service.download,0,0,0,1
de.danoeh.antennapod.core.service.download.handler,0,0,0,1
de.danoeh.antennapod.core.service.playback,0,0,0,1
de.danoeh.antennapod.core.storage,0,0,0,1
de.danoeh.antennapod.core.storage.mapper,0,0,0,1
de.danoeh.antennapod.core.sync,0,0,0,1
de.danoeh.antennapod.core.sync.queue,0,0,0,1
de.danoeh.antennapod.core.util,0,0,0,1
de.danoeh.antennapod.core.util.comparator,0,0,0,1
de.danoeh.antennapod.core.util.download,0,0,0,1
de.danoeh.antennapod.core.util.gui,0,0,0,1
de.danoeh.antennapod.core.util.playback,0,0,0,1
de.danoeh.antennapod.core.util.syndication,0,0,0,1
de.danoeh.antennapod.core.widget,0,0,0,1
de.danoeh.antennapod.dialog,0,0,0,1
de.danoeh.antennapod.discovery,0,1,0,1
de.danoeh.antennapod.error,0,0,0,1
de.danoeh.antennapod.event,0,0,0,1
de.danoeh.antennapod.event.playback,0,0,0,1
de.danoeh.antennapod.event.settings,0,0,0,1
de.danoeh.antennapod.fragment,0,3,0,1
de.danoeh.antennapod.fragment.actions,0,0,0,1
de.danoeh.antennapod.fragment.gpodnet,0,0,0,1
de.danoeh.antennapod.fragment.preferences,0,0,0,1
de.danoeh.antennapod.fragment.preferences.about,0,0,0,1
de.danoeh.antennapod.fragment.preferences.dialog,0,0,0,1
de.danoeh.antennapod.fragment.preferences.synchronization,0,0,0,1
de.danoeh.antennapod.fragment.swipeactions,0,0,0,1
de.danoeh.antennapod.menuhandler,0,0,0,1
de.danoeh.antennapod.model.feed,0,0,0,1
de.danoeh.antennapod.model.playback,0,0,0,1
de.danoeh.antennapod.net.ssl,0,0,0,1
de.danoeh.antennapod.net.sync,0,0,0,1
de.danoeh.antennapod.net.sync.gpoddernet,0,0,0,1
de.danoeh.antennapod.net.sync.gpoddernet.mapper,0,0,0,1
de.danoeh.antennapod.net.sync.gpoddernet.model,0,0,0,1
de.danoeh.antennapod.net.sync.model,0,0,0,1
de.danoeh.antennapod.net.sync.nextcloud,0,0,0,1
de.danoeh.antennapod.parser.feed,0,0,0,1
de.danoeh.antennapod.parser.feed.element,0,0,0,1
de.danoeh.antennapod.parser.feed.namespace,0,0,0,1
de.danoeh.antennapod.parser.feed.util,0,0,0,1
de.danoeh.antennapod.parser.media.id3,0,0,0,1
de.danoeh.antennapod.parser.media.id3.model,0,0,0,1
de.danoeh.antennapod.parser.media.vorbis,0,0,0,1
de.danoeh.antennapod.playback.base,0,0,0,1
de.danoeh.antennapod.playback.cast,0,0,0,1
de.danoeh.antennapod.preferences,0,0,0,1
de.danoeh.antennapod.receiver,0,0,0,1
de.danoeh.antennapod.spa,0,0,0,1
de.danoeh.antennapod.ui.appstartintent,0,0,0,1
de.danoeh.antennapod.ui.common,0,0,0,1
de.danoeh.antennapod.ui.statistics,2,3,3,4
de.danoeh.antennapod.ui.statistics.downloads,2,1,1,4
de.danoeh.antennapod.ui.statistics.feed,0,0,2,5
de.danoeh.antennapod.ui.statistics.subscriptions,2,2,1,4
de.danoeh.antennapod.ui.statistics.years,0,0,1,5
de.danoeh.antennapod.view,0,0,0,1
de.danoeh.antennapod.view.viewholder,0,0,0,1
drawable,0,0,0,n/a
drawable-anydpi-v26,0,0,0,n/a
drawable-v21,0,0,0,n/a
drawable-xxxhdpi,0,0,0,n/a
layout,0,0,0,n/a
layout-sw720dp,0,0,0,n/a
menu,0,0,0,n/a
mipmap-anydpi-v26,0,0,0,n/a
values,0,0,0,n/a
values-ar,0,0,0,n/a
values-ast,0,0,0,n/a
values-br,0,0,0,n/a
values-ca,0,0,0,n/a
values-cs,0,0,0,n/a
values-da,0,0,0,n/a
values-de,0,0,0,n/a
values-es,0,0,0,n/a
values-et,0,0,0,n/a
values-eu,0,0,0,n/a
values-fa,0,0,0,n/a
values-fi,0,0,0,n/a
values-fr,0,0,0,n/a
values-gl,0,0,0,n/a
values-hu,0,0,0,n/a
values-it,0,0,0,n/a
values-iw,0,0,0,n/a
values-ja,0,0,0,n/a
values-ko,0,0,0,n/a
values-lt,0,0,0,n/a
values-nb,0,0,0,n/a
values-nl,0,0,0,n/a
values-pl,0,0,0,n/a
values-pt,0,0,0,n/a
values-pt-rBR,0,0,0,n/a
values-ro,0,0,0,n/a
values-ru,0,0,0,n/a
values-sk,0,0,0,n/a
values-sl,0,0,0,n/a
values-sv,0,0,0,n/a
values-sw360dp,0,0,0,n/a
values-sw600dp,0,0,0,n/a
values-tr,0,0,0,n/a
values-uk,0,0,0,n/a
values-v21,0,0,0,n/a
values-v23,0,0,0,n/a
values-v27,0,0,0,n/a
values-w1000dp,0,0,0,n/a
values-w300dp,0,0,0,n/a
values-zh-rCN,0,0,0,n/a
values-zh-rTW,0,0,0,n/a
xml,0,0,0,n/a

