Martin packaging metrics,Tue., 22 Mar. 2022 16:36:21 EDT
Package,A,Ca,Ce,D,I
com.google.android.material.bottomsheet,0.00,3,0,1.00,0.00
de.danoeh.antennapod,0.00,4,8,0.33,0.67
de.danoeh.antennapod.activity,0.00,354,597,0.37,0.63
de.danoeh.antennapod.adapter,0.13,174,450,0.15,0.75
de.danoeh.antennapod.adapter.actionbutton,0.09,30,142,0.08,0.83
de.danoeh.antennapod.adapter.gpodnet,0.00,3,15,0.17,0.83
de.danoeh.antennapod.adapter.itunes,0.00,4,13,0.24,0.76
de.danoeh.antennapod.asynctask,0.00,5,14,0.26,0.74
de.danoeh.antennapod.config,0.00,0,43,0.00,1.00
de.danoeh.antennapod.core,0.67,78,19,0.14,0.20
de.danoeh.antennapod.core.backup,0.00,0,18,0.00,1.00
de.danoeh.antennapod.core.dialog,1.00,16,0,0.00,0.00
de.danoeh.antennapod.core.event,0.00,64,21,0.75,0.25
de.danoeh.antennapod.core.export,0.50,23,1,0.46,0.04
de.danoeh.antennapod.core.export.favorites,0.00,2,40,0.05,0.95
de.danoeh.antennapod.core.export.html,0.00,2,7,0.22,0.78
de.danoeh.antennapod.core.export.opml,0.00,23,22,0.51,0.49
de.danoeh.antennapod.core.feed,0.00,56,164,0.25,0.79
de.danoeh.antennapod.core.feed.util,0.00,26,41,0.39,0.61
de.danoeh.antennapod.core.glide,0.00,49,34,0.59,0.20
de.danoeh.antennapod.core.menuhandler,0.50,29,0,0.50,0.00
de.danoeh.antennapod.core.preferences,0.00,985,58,0.94,0.06
de.danoeh.antennapod.core.receiver,0.00,41,13,0.76,0.24
de.danoeh.antennapod.core.service,0.00,7,28,0.20,0.80
de.danoeh.antennapod.core.service.download,0.13,490,327,0.47,0.40
de.danoeh.antennapod.core.service.download.handler,0.00,15,157,0.09,0.91
de.danoeh.antennapod.core.service.playback,0.07,238,"1,083",0.11,0.82
de.danoeh.antennapod.core.storage,0.12,"1,067","1,104",0.38,0.57
de.danoeh.antennapod.core.storage.mapper,0.86,22,224,0.77,0.91
de.danoeh.antennapod.core.sync,0.00,149,171,0.47,0.53
de.danoeh.antennapod.core.sync.queue,0.00,30,51,0.37,0.63
de.danoeh.antennapod.core.util,0.05,561,272,0.62,0.33
de.danoeh.antennapod.core.util.comparator,0.00,9,32,0.22,0.78
de.danoeh.antennapod.core.util.download,0.00,34,23,0.60,0.40
de.danoeh.antennapod.core.util.gui,0.25,43,6,0.63,0.12
de.danoeh.antennapod.core.util.playback,0.38,259,205,0.18,0.44
de.danoeh.antennapod.core.util.syndication,0.00,9,0,1.00,0.00
de.danoeh.antennapod.core.widget,0.33,17,72,0.14,0.86
de.danoeh.antennapod.dialog,0.21,137,374,0.05,0.75
de.danoeh.antennapod.discovery,0.10,93,46,0.57,0.34
de.danoeh.antennapod.error,0.00,11,2,0.85,0.15
de.danoeh.antennapod.event,0.00,184,21,0.90,0.11
de.danoeh.antennapod.event.playback,0.00,122,0,1.00,0.00
de.danoeh.antennapod.event.settings,0.00,15,3,0.83,0.17
de.danoeh.antennapod.fragment,0.03,173,"1,992",0.05,0.91
de.danoeh.antennapod.fragment.actions,0.00,8,111,0.07,0.93
de.danoeh.antennapod.fragment.gpodnet,0.17,1,65,0.15,0.98
de.danoeh.antennapod.fragment.preferences,0.00,9,216,0.04,0.96
de.danoeh.antennapod.fragment.preferences.about,0.00,1,41,0.02,0.97
de.danoeh.antennapod.fragment.preferences.dialog,0.50,14,0,0.50,0.00
de.danoeh.antennapod.fragment.preferences.synchronization,0.00,1,149,0.01,0.99
de.danoeh.antennapod.fragment.swipeactions,0.10,71,90,0.34,0.57
de.danoeh.antennapod.menuhandler,0.00,36,172,0.17,0.83
de.danoeh.antennapod.model.feed,0.19,"4,637",14,0.81,0.00
de.danoeh.antennapod.model.playback,0.33,423,37,0.59,0.08
de.danoeh.antennapod.net.ssl,0.00,4,0,1.00,0.00
de.danoeh.antennapod.net.sync,0.00,15,0,1.00,0.00
de.danoeh.antennapod.net.sync.gpoddernet,0.00,58,54,0.52,0.48
de.danoeh.antennapod.net.sync.gpoddernet.mapper,0.00,8,9,0.47,0.53
de.danoeh.antennapod.net.sync.gpoddernet.model,0.00,87,5,0.95,0.06
de.danoeh.antennapod.net.sync.model,0.25,330,6,0.73,0.00
de.danoeh.antennapod.net.sync.nextcloud,0.20,6,34,0.05,0.86
de.danoeh.antennapod.parser.feed,0.00,206,99,0.68,0.32
de.danoeh.antennapod.parser.feed.element,0.00,67,6,0.92,0.08
de.danoeh.antennapod.parser.feed.namespace,0.11,60,339,0.04,0.85
de.danoeh.antennapod.parser.feed.util,0.00,100,21,0.83,0.20
de.danoeh.antennapod.parser.media.id3,0.00,8,53,0.13,0.87
de.danoeh.antennapod.parser.media.id3.model,0.33,44,0,0.67,0.00
de.danoeh.antennapod.parser.media.vorbis,0.20,8,16,0.13,0.67
de.danoeh.antennapod.playback.base,0.40,898,16,0.58,0.01
de.danoeh.antennapod.playback.cast,0.33,9,2,0.48,0.18
de.danoeh.antennapod.preferences,0.00,2,57,0.03,0.97
de.danoeh.antennapod.receiver,0.00,2,21,0.09,0.91
de.danoeh.antennapod.spa,0.00,2,2,0.50,0.50
de.danoeh.antennapod.ui.appstartintent,0.00,20,0,1.00,0.00
de.danoeh.antennapod.ui.common,0.14,99,0,0.86,0.00
de.danoeh.antennapod.ui.statistics,0.12,29,16,0.52,0.41
de.danoeh.antennapod.ui.statistics.downloads,0.00,1,32,0.03,0.97
de.danoeh.antennapod.ui.statistics.feed,0.00,5,25,0.17,0.83
de.danoeh.antennapod.ui.statistics.subscriptions,0.00,1,49,0.02,0.98
de.danoeh.antennapod.ui.statistics.years,0.00,1,42,0.02,0.97
de.danoeh.antennapod.view,0.17,114,33,0.61,0.22
de.danoeh.antennapod.view.viewholder,0.00,112,127,0.47,0.53

